time(s),volt(V),
-932.999944780E-6,15.0400000,
-931.999937166E-6,15.0400000,
-930.999929551E-6,15.0400000,
-929.999980144E-6,15.0400000,
-928.999972530E-6,15.0400000,
-927.999964915E-6,15.0400000,
-926.999957301E-6,15.0400000,
-925.999949686E-6,15.0400000,
-924.999942072E-6,15.0400000,
-923.999934457E-6,15.0400000,
-922.999985050E-6,15.0400000,
-921.999977436E-6,15.0400000,
-920.999969821E-6,15.0400000,
-919.999962207E-6,15.0400000,
-918.999954592E-6,15.0400000,
-917.999946978E-6,15.0400000,
-916.999939363E-6,15.0400000,
-915.999931749E-6,15.0400000,
-914.999982342E-6,15.0400000,
-913.999974728E-6,15.0400000,
-912.999967113E-6,15.0400000,
-911.999959499E-6,15.0400000,
-910.999951884E-6,15.0400000,
-909.999944270E-6,15.0400000,
-908.999936655E-6,15.0400000,
-907.999929041E-6,15.0400000,
-906.999979634E-6,15.0400000,
-905.999972019E-6,15.0400000,
-904.999964405E-6,15.0400000,
-903.999956790E-6,15.0400000,
-902.999949176E-6,15.0400000,
-901.999941561E-6,15.0400000,
-900.999933947E-6,15.0400000,
-899.999984540E-6,15.0400000,
-898.999976926E-6,15.0400000,
-897.999969311E-6,15.0400000,
-896.999961697E-6,15.0400000,
-895.999954082E-6,15.0400000,
-894.999946468E-6,15.0400000,
-893.999938853E-6,15.0400000,
-892.999931239E-6,15.0400000,
-891.999981832E-6,15.0400000,
-890.999974217E-6,15.0400000,
-889.999966603E-6,15.0400000,
-888.999958988E-6,15.0400000,
-887.999951374E-6,15.0400000,
-886.999943759E-6,15.0400000,
-885.999936145E-6,15.0400000,
-884.999986738E-6,15.0400000,
-883.999979123E-6,15.0400000,
-882.999971509E-6,15.0400000,
-881.999963894E-6,15.0400000,
-880.999956280E-6,15.0400000,
-879.999948665E-6,15.0400000,
-878.999941051E-6,15.0400000,
-877.999933437E-6,15.0400000,
-876.999984030E-6,15.0400000,
-875.999976415E-6,15.0400000,
-874.999968801E-6,15.0400000,
-873.999961186E-6,15.0400000,
-872.999953572E-6,15.0400000,
-871.999945957E-6,15.0400000,
-870.999938343E-6,15.0400000,
-869.999930728E-6,15.0400000,
-868.999981321E-6,15.0400000,
-867.999973707E-6,15.0400000,
-866.999966092E-6,15.0400000,
-865.999958478E-6,15.0400000,
-864.999950863E-6,15.0400000,
-863.999943249E-6,15.0400000,
-862.999935634E-6,15.0400000,
-861.999986228E-6,15.0400000,
-860.999978613E-6,15.0400000,
-859.999970999E-6,15.0400000,
-858.999963384E-6,15.0400000,
-857.999955770E-6,15.0400000,
-856.999948155E-6,15.0400000,
-855.999940541E-6,15.0400000,
-854.999932926E-6,15.0400000,
-853.999983519E-6,15.0400000,
-852.999975905E-6,15.0400000,
-851.999968290E-6,15.0400000,
-850.999960676E-6,15.0400000,
-849.999953061E-6,15.0400000,
-848.999945447E-6,15.0400000,
-847.999937832E-6,15.0400000,
-846.999930218E-6,15.0400000,
-845.999980811E-6,15.0400000,
-844.999973197E-6,15.0400000,
-843.999965582E-6,15.0400000,
-842.999957968E-6,15.0400000,
-841.999950353E-6,15.0400000,
-840.999942739E-6,15.0400000,
-839.999935124E-6,15.0400000,
-838.999985717E-6,15.0400000,
-837.999978103E-6,15.0400000,
-836.999970488E-6,15.0400000,
-835.999962874E-6,15.0400000,
-834.999955259E-6,15.0400000,
-833.999947645E-6,15.0400000,
-832.999940030E-6,14.9600000,
-831.999932416E-6,15.0400000,
-830.999983009E-6,15.0400000,
-829.999975394E-6,15.0400000,
-828.999967780E-6,15.0400000,
-827.999960165E-6,15.0400000,
-826.999952551E-6,15.0400000,
-825.999944936E-6,15.0400000,
-824.999937322E-6,15.0400000,
-823.999929707E-6,15.0400000,
-822.999980301E-6,15.0400000,
-821.999972686E-6,15.0400000,
-820.999965072E-6,15.0400000,
-819.999957457E-6,15.0400000,
-818.999949843E-6,15.0400000,
-817.999942228E-6,15.0400000,
-816.999934614E-6,15.0400000,
-815.999985207E-6,15.0400000,
-814.999977592E-6,15.0400000,
-813.999969978E-6,15.0400000,
-812.999962363E-6,15.0400000,
-811.999954749E-6,15.0400000,
-810.999947134E-6,15.0400000,
-809.999939520E-6,15.0400000,
-808.999931905E-6,15.0400000,
-807.999982499E-6,15.0400000,
-806.999974884E-6,15.0400000,
-805.999967270E-6,15.0400000,
-804.999959655E-6,15.0400000,
-803.999952041E-6,15.0400000,
-802.999944426E-6,15.0400000,
-801.999936812E-6,15.0400000,
-800.999929197E-6,15.0400000,
-799.999979790E-6,15.0400000,
-798.999972176E-6,15.0400000,
-797.999964561E-6,15.0400000,
-796.999956947E-6,15.0400000,
-795.999949332E-6,15.0400000,
-794.999941718E-6,15.0400000,
-793.999934103E-6,15.0400000,
-792.999984697E-6,15.0400000,
-791.999977082E-6,15.0400000,
-790.999969468E-6,15.0400000,
-789.999961853E-6,15.0400000,
-788.999954239E-6,15.0400000,
-787.999946624E-6,15.0400000,
-786.999939010E-6,15.0400000,
-785.999931395E-6,15.0400000,
-784.999981988E-6,15.0400000,
-783.999974374E-6,15.0400000,
-782.999966759E-6,15.0400000,
-781.999959145E-6,15.0400000,
-780.999951530E-6,15.0400000,
-779.999943916E-6,15.0400000,
-778.999936301E-6,15.0400000,
-777.999986894E-6,15.0400000,
-776.999979280E-6,15.0400000,
-775.999971665E-6,15.0400000,
-774.999964051E-6,15.0400000,
-773.999956436E-6,15.0400000,
-772.999948822E-6,15.0400000,
-771.999941207E-6,15.0400000,
-770.999933593E-6,15.0400000,
-769.999984186E-6,15.0400000,
-768.999976572E-6,15.0400000,
-767.999968957E-6,15.0400000,
-766.999961343E-6,15.0400000,
-765.999953728E-6,15.0400000,
-764.999946114E-6,15.0400000,
-763.999938499E-6,15.0400000,
-762.999930885E-6,15.0400000,
-761.999981478E-6,15.0400000,
-760.999973863E-6,15.0400000,
-759.999966249E-6,15.0400000,
-758.999958634E-6,15.0400000,
-757.999951020E-6,15.0400000,
-756.999943405E-6,15.0400000,
-755.999935791E-6,15.0400000,
-754.999986384E-6,15.0400000,
-753.999978770E-6,15.0400000,
-752.999971155E-6,15.0400000,
-751.999963541E-6,15.0400000,
-750.999955926E-6,15.0400000,
-749.999948312E-6,15.0400000,
-748.999940697E-6,15.0400000,
-747.999933083E-6,15.0400000,
-746.999983676E-6,15.0400000,
-745.999976061E-6,15.0400000,
-744.999968447E-6,15.0400000,
-743.999960832E-6,15.0400000,
-742.999953218E-6,15.0400000,
-741.999945603E-6,15.0400000,
-740.999937989E-6,15.0400000,
-739.999930374E-6,15.0400000,
-738.999980967E-6,15.0400000,
-737.999973353E-6,15.0400000,
-736.999965739E-6,15.0400000,
-735.999958124E-6,15.0400000,
-734.999950510E-6,15.0400000,
-733.999942895E-6,15.0400000,
-732.999935281E-6,15.0400000,
-731.999985874E-6,15.0400000,
-730.999978259E-6,15.0400000,
-729.999970645E-6,15.0400000,
-728.999963030E-6,15.0400000,
-727.999955416E-6,15.0400000,
-726.999947801E-6,15.0400000,
-725.999940187E-6,15.0400000,
-724.999932572E-6,15.0400000,
-723.999983165E-6,14.9600000,
-722.999975551E-6,15.0400000,
-721.999967936E-6,15.0400000,
-720.999960322E-6,15.0400000,
-719.999952707E-6,15.0400000,
-718.999945093E-6,15.0400000,
-717.999937478E-6,15.0400000,
-716.999929864E-6,15.1199999,
-715.999980457E-6,15.0400000,
-714.999972843E-6,15.0400000,
-713.999965228E-6,15.0400000,
-712.999957614E-6,15.0400000,
-711.999949999E-6,15.0400000,
-710.999942385E-6,15.0400000,
-709.999934770E-6,15.0400000,
-708.999985363E-6,15.0400000,
-707.999977749E-6,15.0400000,
-706.999970134E-6,15.0400000,
-705.999962520E-6,15.0400000,
-704.999954905E-6,15.0400000,
-703.999947291E-6,15.0400000,
-702.999939676E-6,15.0400000,
-701.999932062E-6,15.0400000,
-700.999982655E-6,15.0400000,
-699.999975041E-6,15.0400000,
-698.999967426E-6,15.0400000,
-697.999959812E-6,15.0400000,
-696.999952197E-6,15.0400000,
-695.999944583E-6,15.0400000,
-694.999936968E-6,15.0400000,
-693.999929354E-6,15.0400000,
-692.999979947E-6,15.0400000,
-691.999972332E-6,15.0400000,
-690.999964718E-6,15.0400000,
-689.999957103E-6,15.0400000,
-688.999949489E-6,15.0400000,
-687.999941874E-6,15.0400000,
-686.999934260E-6,15.0400000,
-685.999984853E-6,15.0400000,
-684.999977238E-6,15.0400000,
-683.999969624E-6,15.0400000,
-682.999962009E-6,15.0400000,
-681.999954395E-6,15.0400000,
-680.999946781E-6,15.0400000,
-679.999939166E-6,15.0400000,
-678.999931552E-6,15.0400000,
-677.999982145E-6,15.0400000,
-676.999974530E-6,15.0400000,
-675.999966916E-6,15.0400000,
-674.999959301E-6,15.0400000,
-673.999951687E-6,15.0400000,
-672.999944072E-6,15.0400000,
-671.999936458E-6,15.0400000,
-670.999987051E-6,15.0400000,
-669.999979436E-6,15.0400000,
-668.999971822E-6,14.9600000,
-667.999964207E-6,15.0400000,
-666.999956593E-6,15.0400000,
-665.999948978E-6,15.0400000,
-664.999941364E-6,15.0400000,
-663.999933749E-6,15.0400000,
-662.999984343E-6,15.0400000,
-661.999976728E-6,15.0400000,
-660.999969114E-6,15.0400000,
-659.999961499E-6,15.0400000,
-658.999953885E-6,15.0400000,
-657.999946270E-6,14.9600000,
-656.999938656E-6,15.0400000,
-655.999931041E-6,15.0400000,
-654.999981634E-6,15.0400000,
-653.999974020E-6,15.0400000,
-652.999966405E-6,15.0400000,
-651.999958791E-6,15.0400000,
-650.999951176E-6,15.0400000,
-649.999943562E-6,15.0400000,
-648.999935947E-6,15.0400000,
-647.999986541E-6,15.0400000,
-646.999978926E-6,15.0400000,
-645.999971312E-6,15.0400000,
-644.999963697E-6,15.0400000,
-643.999956083E-6,15.0400000,
-642.999948468E-6,15.0400000,
-641.999940854E-6,15.0400000,
-640.999933239E-6,15.0400000,
-639.999983832E-6,15.0400000,
-638.999976218E-6,15.0400000,
-637.999968603E-6,15.0400000,
-636.999960989E-6,15.0400000,
-635.999953374E-6,15.0400000,
-634.999945760E-6,15.0400000,
-633.999938145E-6,15.0400000,
-632.999930531E-6,15.0400000,
-631.999981124E-6,15.0400000,
-630.999973509E-6,15.0400000,
-629.999965895E-6,15.0400000,
-628.999958280E-6,15.0400000,
-627.999950666E-6,15.0400000,
-626.999943051E-6,15.0400000,
-625.999935437E-6,15.0400000,
-624.999986030E-6,15.0400000,
-623.999978416E-6,15.0400000,
-622.999970801E-6,15.0400000,
-621.999963187E-6,15.0400000,
-620.999955572E-6,15.0400000,
-619.999947958E-6,15.0400000,
-618.999940343E-6,15.0400000,
-617.999932729E-6,15.0400000,
-616.999983322E-6,15.0400000,
-615.999975707E-6,15.0400000,
-614.999968093E-6,15.0400000,
-613.999960478E-6,15.0400000,
-612.999952864E-6,15.0400000,
-611.999945249E-6,15.0400000,
-610.999937635E-6,15.0400000,
-609.999930020E-6,15.0400000,
-608.999980614E-6,15.0400000,
-607.999972999E-6,15.0400000,
-606.999965385E-6,15.0400000,
-605.999957770E-6,15.0400000,
-604.999950156E-6,15.0400000,
-603.999942541E-6,15.0400000,
-602.999934927E-6,15.0400000,
-601.999985520E-6,15.0400000,
-600.999977905E-6,15.0400000,
-599.999970291E-6,15.0400000,
-598.999962676E-6,15.0400000,
-597.999955062E-6,15.0400000,
-596.999947447E-6,15.0400000,
-595.999939833E-6,15.0400000,
-594.999932218E-6,15.0400000,
-593.999982812E-6,15.0400000,
-592.999975197E-6,15.0400000,
-591.999967583E-6,15.0400000,
-590.999959968E-6,15.0400000,
-589.999952354E-6,15.0400000,
-588.999944739E-6,15.0400000,
-587.999937125E-6,15.0400000,
-586.999987718E-6,15.0400000,
-585.999980103E-6,15.0400000,
-584.999972489E-6,15.0400000,
-583.999964874E-6,15.0400000,
-582.999957260E-6,15.0400000,
-581.999949645E-6,15.0400000,
-580.999942031E-6,15.0400000,
-579.999934416E-6,15.0400000,
-578.999985009E-6,15.0400000,
-577.999977395E-6,15.0400000,
-576.999969780E-6,15.0400000,
-575.999962166E-6,15.0400000,
-574.999954551E-6,15.0400000,
-573.999946937E-6,15.0400000,
-572.999939322E-6,15.0400000,
-571.999931708E-6,15.0400000,
-570.999982301E-6,15.0400000,
-569.999974687E-6,15.0400000,
-568.999967072E-6,15.0400000,
-567.999959458E-6,15.0400000,
-566.999951843E-6,15.0400000,
-565.999944229E-6,15.0400000,
-564.999936614E-6,15.0400000,
-563.999987207E-6,15.0400000,
-562.999979593E-6,15.0400000,
-561.999971978E-6,15.0400000,
-560.999964364E-6,15.0400000,
-559.999956749E-6,15.0400000,
-558.999949135E-6,15.0400000,
-557.999941520E-6,15.0400000,
-556.999933906E-6,15.0400000,
-555.999984499E-6,15.0400000,
-554.999976885E-6,15.0400000,
-553.999969270E-6,15.0400000,
-552.999961656E-6,15.0400000,
-551.999954041E-6,15.0400000,
-550.999946427E-6,15.0400000,
-549.999938812E-6,15.0400000,
-548.999931198E-6,15.0400000,
-547.999981791E-6,15.0400000,
-546.999974176E-6,15.0400000,
-545.999966562E-6,15.0400000,
-544.999958947E-6,15.0400000,
-543.999951333E-6,15.0400000,
-542.999943718E-6,15.0400000,
-541.999936104E-6,15.0400000,
-540.999986697E-6,15.0400000,
-539.999979082E-6,15.0400000,
-538.999971468E-6,15.0400000,
-537.999963854E-6,15.0400000,
-536.999956239E-6,15.0400000,
-535.999948625E-6,15.0400000,
-534.999941010E-6,15.0400000,
-533.999933396E-6,15.0400000,
-532.999983989E-6,15.0400000,
-531.999976374E-6,15.0400000,
-530.999968760E-6,15.0400000,
-529.999961145E-6,15.0400000,
-528.999953531E-6,15.0400000,
-527.999945916E-6,15.0400000,
-526.999938302E-6,15.0400000,
-525.999930687E-6,15.0400000,
-524.999981280E-6,14.9600000,
-523.999973666E-6,15.0400000,
-522.999966051E-6,15.0400000,
-521.999958437E-6,15.0400000,
-520.999950822E-6,15.0400000,
-519.999943208E-6,15.0400000,
-518.999935593E-6,15.0400000,
-517.999986187E-6,15.0400000,
-516.999978572E-6,15.0400000,
-515.999970958E-6,15.0400000,
-514.999963343E-6,15.0400000,
-513.999955729E-6,15.0400000,
-512.999948114E-6,15.0400000,
-511.999940500E-6,15.0400000,
-510.999932885E-6,15.0400000,
-509.999983478E-6,15.0400000,
-508.999975864E-6,15.0400000,
-507.999968249E-6,15.0400000,
-506.999960635E-6,15.0400000,
-505.999953020E-6,15.0400000,
-504.999945406E-6,14.9600000,
-503.999937791E-6,15.0400000,
-502.999930177E-6,15.0400000,
-501.999980770E-6,15.0400000,
-500.999973156E-6,15.0400000,
-499.999965541E-6,15.0400000,
-498.999957927E-6,15.0400000,
-497.999950312E-6,15.0400000,
-496.999942698E-6,15.0400000,
-495.999935083E-6,15.0400000,
-494.999985676E-6,15.0400000,
-493.999978062E-6,15.0400000,
-492.999970447E-6,15.0400000,
-491.999962833E-6,15.0400000,
-490.999955218E-6,14.9600000,
-489.999947604E-6,15.0400000,
-488.999939989E-6,15.0400000,
-487.999961479E-6,15.0400000,
-486.999953864E-6,15.0400000,
-485.999946250E-6,15.0400000,
-484.999967739E-6,15.0400000,
-483.999960124E-6,15.0400000,
-482.999952510E-6,15.0400000,
-481.999944896E-6,15.0400000,
-480.999966385E-6,15.0400000,
-479.999958770E-6,15.0400000,
-478.999951156E-6,15.0400000,
-477.999972645E-6,15.0400000,
-476.999965031E-6,15.0400000,
-475.999957416E-6,15.0400000,
-474.999949802E-6,15.0400000,
-473.999971291E-6,15.0400000,
-472.999963677E-6,15.0400000,
-471.999956062E-6,15.0400000,
-470.999948448E-6,15.0400000,
-469.999969937E-6,15.0400000,
-468.999962322E-6,15.0400000,
-467.999954708E-6,15.0400000,
-466.999947093E-6,15.0400000,
-465.999968583E-6,15.0400000,
-464.999960968E-6,15.0400000,
-463.999953354E-6,15.0400000,
-462.999945739E-6,15.0400000,
-461.999967229E-6,15.0400000,
-460.999959614E-6,15.0400000,
-459.999952000E-6,15.0400000,
-458.999973489E-6,15.0400000,
-457.999965874E-6,15.0400000,
-456.999958260E-6,15.0400000,
-455.999950645E-6,15.0400000,
-454.999972135E-6,15.0400000,
-453.999964520E-6,15.0400000,
-452.999956906E-6,15.0400000,
-451.999949291E-6,15.0400000,
-450.999970781E-6,15.0400000,
-449.999963166E-6,15.0400000,
-448.999955552E-6,15.0400000,
-447.999947937E-6,15.0400000,
-446.999969427E-6,15.0400000,
-445.999961812E-6,15.0400000,
-444.999954198E-6,15.0400000,
-443.999946583E-6,15.0400000,
-442.999968072E-6,15.0400000,
-441.999960458E-6,15.0400000,
-440.999952843E-6,15.0400000,
-439.999945229E-6,15.0400000,
-438.999966718E-6,15.0400000,
-437.999959104E-6,15.0400000,
-436.999951489E-6,15.0400000,
-435.999972979E-6,15.0400000,
-434.999965364E-6,15.0400000,
-433.999957750E-6,15.0400000,
-432.999950135E-6,15.0400000,
-431.999971624E-6,15.0400000,
-430.999964010E-6,15.0400000,
-429.999956395E-6,15.0400000,
-428.999948781E-6,15.0400000,
-427.999970270E-6,15.0400000,
-426.999962656E-6,15.0400000,
-425.999955041E-6,15.0400000,
-424.999947427E-6,15.0400000,
-423.999968916E-6,15.0400000,
-422.999961302E-6,15.0400000,
-421.999953687E-6,15.0400000,
-420.999946073E-6,15.0400000,
-419.999967562E-6,15.0400000,
-418.999959948E-6,15.0400000,
-417.999952333E-6,15.0400000,
-416.999944719E-6,15.0400000,
-415.999966208E-6,15.0400000,
-414.999958593E-6,15.0400000,
-413.999950979E-6,15.0400000,
-412.999972468E-6,15.0400000,
-411.999964854E-6,14.9600000,
-410.999957239E-6,15.0400000,
-409.999949625E-6,15.0400000,
-408.999971114E-6,15.0400000,
-407.999963500E-6,15.0400000,
-406.999955885E-6,15.0400000,
-405.999948271E-6,15.0400000,
-404.999969760E-6,15.0400000,
-403.999962145E-6,15.0400000,
-402.99995453E-6,14.9600000,
-401.99994692E-6,15.0400000,
-400.99996841E-6,15.0400000,
-399.99996079E-6,15.0400000,
-398.99995318E-6,15.0400000,
-397.99994556E-6,15.0400000,
-396.99996705E-6,15.0400000,
-395.99995944E-6,15.0400000,
-394.99995182E-6,15.0400000,
-393.99997331E-6,15.0400000,
-392.99996570E-6,15.0400000,
-391.99995808E-6,15.0400000,
-390.99995047E-6,15.0400000,
-389.99997196E-6,15.0400000,
-388.99996434E-6,15.0400000,
-387.99995673E-6,15.0400000,
-386.99994911E-6,15.0400000,
-385.99997060E-6,15.0400000,
-384.99996299E-6,15.0400000,
-383.99995537E-6,15.0400000,
-382.99994776E-6,15.0400000,
-381.99996925E-6,14.9600000,
-380.99996164E-6,15.0400000,
-379.99995402E-6,15.0400000,
-378.99994641E-6,15.1199999,
-377.99996790E-6,15.0400000,
-376.99996028E-6,15.0400000,
-375.99995267E-6,15.0400000,
-374.99994505E-6,15.0400000,
-373.99996654E-6,15.0400000,
-372.99995893E-6,15.0400000,
-371.99995131E-6,15.0400000,
-370.99997280E-6,15.0400000,
-369.99996519E-6,15.0400000,
-368.99995757E-6,15.0400000,
-367.99994996E-6,15.0400000,
-366.99997145E-6,15.0400000,
-365.99996383E-6,15.0400000,
-364.99995622E-6,15.0400000,
-363.99994860E-6,15.0400000,
-362.99997009E-6,15.0400000,
-361.99996248E-6,15.0400000,
-360.99995486E-6,15.0400000,
-359.99994725E-6,15.0400000,
-358.99996874E-6,15.0400000,
-357.99996112E-6,15.0400000,
-356.99995351E-6,15.0400000,
-355.99994590E-6,15.0400000,
-354.99996739E-6,15.0400000,
-353.99995977E-6,15.0400000,
-352.99995216E-6,15.0400000,
-351.99997365E-6,15.0400000,
-350.99996603E-6,15.0400000,
-349.99995842E-6,15.0400000,
-348.99995080E-6,15.0400000,
-347.99997229E-6,15.0400000,
-346.99996468E-6,15.0400000,
-345.99995706E-6,15.0400000,
-344.99994945E-6,15.0400000,
-343.99997094E-6,15.0400000,
-342.99996332E-6,15.0400000,
-341.99995571E-6,15.0400000,
-340.99994809E-6,15.0400000,
-339.99996958E-6,15.0400000,
-338.99996197E-6,15.0400000,
-337.99995435E-6,15.0400000,
-336.99994674E-6,15.0400000,
-335.99996823E-6,15.0400000,
-334.99996061E-6,15.0400000,
-333.99995300E-6,15.0400000,
-332.99994539E-6,15.0400000,
-331.99996687E-6,15.0400000,
-330.99995926E-6,15.0400000,
-329.99995165E-6,15.0400000,
-328.99997314E-6,15.0400000,
-327.99996552E-6,15.0400000,
-326.99995791E-6,15.0400000,
-325.99995029E-6,15.0400000,
-324.99997178E-6,15.0400000,
-323.99996417E-6,15.0400000,
-322.99995655E-6,15.0400000,
-321.99994894E-6,15.0400000,
-320.99997043E-6,15.0400000,
-319.99996281E-6,15.0400000,
-318.99995520E-6,15.0400000,
-317.99994758E-6,15.0400000,
-316.99996907E-6,15.0400000,
-315.99996146E-6,15.0400000,
-314.99995384E-6,15.0400000,
-313.99994623E-6,15.0400000,
-312.99996772E-6,15.0400000,
-311.99996010E-6,15.0400000,
-310.99995249E-6,15.0400000,
-309.99997398E-6,15.0400000,
-308.99996636E-6,15.0400000,
-307.99995875E-6,15.0400000,
-306.99995114E-6,15.0400000,
-305.99997262E-6,15.0400000,
-304.99996501E-6,15.0400000,
-303.99995740E-6,15.0400000,
-302.99994978E-6,15.0400000,
-301.99997127E-6,15.0400000,
-300.99996366E-6,15.0400000,
-299.99995604E-6,15.0400000,
-298.99994843E-6,15.0400000,
-297.99996992E-6,15.0400000,
-296.99996230E-6,15.0400000,
-295.99995469E-6,15.0400000,
-294.99994707E-6,15.0400000,
-293.99996856E-6,15.0400000,
-292.99996095E-6,15.0400000,
-291.99995333E-6,15.0400000,
-290.99994572E-6,15.0400000,
-289.99996721E-6,15.0400000,
-288.99995959E-6,15.0400000,
-287.99995198E-6,15.0400000,
-286.99997347E-6,15.0400000,
-285.99996585E-6,15.0400000,
-284.99995824E-6,15.0400000,
-283.99995063E-6,15.0400000,
-282.99997211E-6,15.0400000,
-281.99996450E-6,15.0400000,
-280.99995689E-6,15.0400000,
-279.99994927E-6,15.0400000,
-278.99997076E-6,15.0400000,
-277.99996315E-6,15.0400000,
-276.99995553E-6,14.9600000,
-275.99994792E-6,15.0400000,
-274.99996941E-6,14.9600000,
-273.99996179E-6,15.0400000,
-272.99995418E-6,15.0400000,
-271.99994656E-6,15.0400000,
-270.99996805E-6,15.0400000,
-269.99996044E-6,15.0400000,
-268.99995282E-6,15.0400000,
-267.99994521E-6,15.0400000,
-266.99996670E-6,15.0400000,
-265.99995908E-6,15.0400000,
-264.99995147E-6,15.0400000,
-263.99997296E-6,15.0400000,
-262.99996534E-6,15.0400000,
-261.99995773E-6,15.0400000,
-260.99995011E-6,15.0400000,
-259.99997160E-6,15.0400000,
-258.99996399E-6,15.0400000,
-257.99995637E-6,15.0400000,
-256.99994876E-6,15.0400000,
-255.99997025E-6,15.0400000,
-254.99996264E-6,15.0400000,
-253.99995502E-6,15.0400000,
-252.99994741E-6,15.0400000,
-251.99996890E-6,15.0400000,
-250.99996128E-6,15.0400000,
-249.99995367E-6,15.0400000,
-248.99994605E-6,15.0400000,
-247.99996754E-6,15.0400000,
-246.99995993E-6,15.0400000,
-245.99995231E-6,15.0400000,
-244.99997380E-6,15.0400000,
-243.99996619E-6,15.0400000,
-242.99995857E-6,15.0400000,
-241.99996551E-6,15.0400000,
-240.99995790E-6,15.0400000,
-239.99996483E-6,15.0400000,
-238.99995722E-6,15.0400000,
-237.99996416E-6,15.0400000,
-236.99995654E-6,15.0400000,
-235.99996348E-6,15.0400000,
-234.99995586E-6,15.0400000,
-233.99996280E-6,15.0400000,
-232.99995519E-6,15.0400000,
-231.99996212E-6,15.0400000,
-230.99995451E-6,15.0400000,
-229.99996145E-6,15.0400000,
-228.99995383E-6,15.0400000,
-227.99996077E-6,15.0400000,
-226.99995316E-6,15.0400000,
-225.99996009E-6,15.0400000,
-224.99995248E-6,15.0400000,
-223.99995942E-6,15.0400000,
-222.99996635E-6,15.0400000,
-221.99995874E-6,15.0400000,
-220.99996568E-6,15.0400000,
-219.99995806E-6,15.0400000,
-218.99996500E-6,15.0400000,
-217.99995739E-6,15.0400000,
-216.99996432E-6,14.9600000,
-215.99995671E-6,15.0400000,
-214.99996365E-6,15.0400000,
-213.99995603E-6,15.0400000,
-212.99996297E-6,15.0400000,
-211.99995535E-6,15.0400000,
-210.99996229E-6,15.0400000,
-209.99995468E-6,15.0400000,
-208.99996161E-6,15.0400000,
-207.99995400E-6,15.0400000,
-206.99996094E-6,15.0400000,
-205.99995332E-6,15.0400000,
-204.99996026E-6,15.0400000,
-203.99995265E-6,15.0400000,
-202.99995958E-6,15.0400000,
-201.99996652E-6,15.0400000,
-200.99995891E-6,15.0400000,
-199.99996584E-6,15.0400000,
-198.99995823E-6,15.0400000,
-197.99996517E-6,15.0400000,
-196.99995755E-6,15.0400000,
-195.99996449E-6,15.0400000,
-194.99995688E-6,15.0400000,
-193.99996381E-6,15.0400000,
-192.99995620E-6,15.0400000,
-191.99996314E-6,15.0400000,
-190.99995552E-6,15.0400000,
-189.99996246E-6,15.0400000,
-188.99995484E-6,15.0400000,
-187.99996178E-6,15.0400000,
-186.99995417E-6,15.0400000,
-185.99996110E-6,15.0400000,
-184.99995349E-6,15.0400000,
-183.99996043E-6,15.0400000,
-182.99995281E-6,15.0400000,
-181.99995975E-6,15.0400000,
-180.99996669E-6,15.0400000,
-179.99995907E-6,15.0400000,
-178.99996601E-6,15.0400000,
-177.99995840E-6,15.0400000,
-176.99996533E-6,15.0400000,
-175.99995772E-6,15.0400000,
-174.99996466E-6,15.0400000,
-173.99995704E-6,15.0400000,
-172.99996398E-6,15.0400000,
-171.99995636E-6,15.0400000,
-170.99996330E-6,15.0400000,
-169.99995569E-6,15.0400000,
-168.99996263E-6,15.0400000,
-167.99995501E-6,15.0400000,
-166.99996195E-6,15.0400000,
-165.99995433E-6,15.0400000,
-164.99996127E-6,15.0400000,
-163.99995366E-6,15.0400000,
-162.99996059E-6,15.0400000,
-161.99995298E-6,15.0400000,
-160.99995992E-6,15.0400000,
-159.99996685E-6,15.0400000,
-158.99995924E-6,15.0400000,
-157.99996618E-6,15.0400000,
-156.99995856E-6,15.0400000,
-155.99996550E-6,15.0400000,
-154.99995789E-6,15.0400000,
-153.99996482E-6,15.0400000,
-152.99995721E-6,15.0400000,
-151.99996415E-6,15.0400000,
-150.99995653E-6,15.0400000,
-149.99996347E-6,15.0400000,
-148.99995585E-6,15.0400000,
-147.9999628E-6,15.0400000,
-146.9999552E-6,15.0400000,
-145.9999621E-6,15.0400000,
-144.9999545E-6,15.0400000,
-143.9999614E-6,15.0400000,
-142.9999538E-6,15.0400000,
-141.9999608E-6,15.0400000,
-140.9999531E-6,15.0400000,
-139.9999601E-6,15.0400000,
-138.9999670E-6,15.0400000,
-137.9999594E-6,15.0400000,
-136.9999663E-6,15.0400000,
-135.9999587E-6,15.0400000,
-134.9999657E-6,15.0400000,
-133.9999581E-6,15.0400000,
-132.9999650E-6,15.0400000,
-131.9999574E-6,15.0400000,
-130.9999643E-6,15.0400000,
-129.9999567E-6,15.0400000,
-128.9999636E-6,15.0400000,
-127.9999560E-6,15.0400000,
-126.9999630E-6,15.0400000,
-125.9999553E-6,15.0400000,
-124.9999623E-6,15.0400000,
-123.9999547E-6,15.0400000,
-122.9999616E-6,15.0400000,
-121.9999613E-6,15.0400000,
-120.9999609E-6,15.0400000,
-119.9999606E-6,15.0400000,
-118.9999603E-6,15.0400000,
-117.9999599E-6,15.0400000,
-116.9999596E-6,15.0400000,
-115.9999592E-6,15.0400000,
-114.9999589E-6,15.0400000,
-113.9999586E-6,15.0400000,
-112.9999582E-6,15.1199999,
-111.9999579E-6,15.0400000,
-110.9999575E-6,15.0400000,
-109.9999572E-6,15.0400000,
-108.9999569E-6,15.0400000,
-107.9999565E-6,15.0400000,
-106.9999635E-6,15.0400000,
-105.9999631E-6,15.0400000,
-104.9999628E-6,15.0400000,
-103.9999624E-6,15.0400000,
-102.9999621E-6,15.0400000,
-101.9999618E-6,15.0400000,
-100.9999614E-6,15.0400000,
-99.999961094E-6,15.0400000,
-98.999960755E-6,15.0400000,
-97.999960417E-6,15.0400000,
-96.999960078E-6,15.0400000,
-95.999959740E-6,15.0400000,
-94.999959401E-6,15.0400000,
-93.999959063E-6,15.0400000,
-92.999958724E-6,15.0400000,
-91.999958386E-6,15.0400000,
-90.999958047E-6,15.0400000,
-89.999957709E-6,14.9600000,
-88.999957370E-6,15.0400000,
-87.999957032E-6,15.0400000,
-86.999956693E-6,15.0400000,
-85.999956354E-6,14.9600000,
-84.999963292E-6,15.0400000,
-83.999962953E-6,14.9600000,
-82.999962615E-6,15.0400000,
-81.999962276E-6,14.9600000,
-80.999961938E-6,14.9600000,
-79.999961599E-6,14.9600000,
-78.999961261E-6,14.8800001,
-77.999960922E-6,14.9600000,
-76.999960584E-6,14.9600000,
-75.999960245E-6,15.0400000,
-74.999959907E-6,15.0400000,
-73.999959568E-6,14.9600000,
-72.999959229E-6,14.9600000,
-71.999958891E-6,14.8800001,
-70.999958552E-6,14.7999992,
-69.999958214E-6,14.7999992,
-68.999957875E-6,14.7999992,
-67.999957537E-6,14.7999992,
-66.999957198E-6,14.7199993,
-65.999956860E-6,14.6399994,
-64.999956521E-6,14.6399994,
-63.999963459E-6,14.6399994,
-62.999963120E-6,14.6399994,
-61.999962782E-6,14.5599995,
-60.999958805E-6,14.5599995,
-59.999958467E-6,14.5599995,
-58.999961766E-6,14.5599995,
-57.999961427E-6,14.5599995,
-56.999961089E-6,14.7999992,
-55.999960750E-6,14.9600000,
-54.999960412E-6,14.9600000,
-53.99996007E-6,14.8800001,
-52.99995973E-6,14.8800001,
-51.99995940E-6,14.7999992,
-50.99995906E-6,14.7999992,
-49.99995872E-6,14.7199993,
-48.99995838E-6,14.7199993,
-47.99996168E-6,14.7199993,
-46.99996134E-6,15.0400000,
-45.99996100E-6,15.0400000,
-44.99996066E-6,15.0400000,
-43.99996033E-6,15.0400000,
-42.99995999E-6,15.0400000,
-41.99995965E-6,15.0400000,
-40.99995931E-6,15.0400000,
-39.99995897E-6,15.0400000,
-38.99995863E-6,15.0400000,
-37.99996193E-6,15.0400000,
-36.99996159E-6,15.0400000,
-35.99996126E-6,15.0400000,
-34.99996092E-6,15.0400000,
-33.99996058E-6,15.0400000,
-32.99996024E-6,15.1199999,
-31.99995990E-6,15.0400000,
-30.99995956E-6,15.0400000,
-29.99995922E-6,15.0400000,
-28.99996070E-6,15.0400000,
-27.99996037E-6,15.0400000,
-26.99996003E-6,15.0400000,
-25.99995969E-6,15.0400000,
-24.99995935E-6,15.0400000,
-23.99996083E-6,15.0400000,
-22.99996049E-6,15.0400000,
-21.99996015E-6,15.0400000,
-20.99995982E-6,15.0400000,
-19.9999595E-6,15.0400000,
-18.9999610E-6,15.0400000,
-17.9999606E-6,15.0400000,
-16.9999603E-6,15.0400000,
-15.9999599E-6,15.0400000,
-14.9999605E-6,15.0400000,
-13.9999602E-6,15.0400000,
-12.9999598E-6,15.0400000,
-11.9999604E-6,15.0400000,
-10.9999601E-6,15.0400000,
-9.999959730E-6,15.0400000,
-8.999960301E-6,15.0400000,
-7.999959962E-6,15.0400000,
-6.99996008E-6,15.0400000,
-5.99996019E-6,14.9600000,
-4.99996031E-6,14.8800001,
-3.99996043E-6,14.7999992,
-2.99996009E-6,14.7199993,
-1.9999602E-6,14.7199993,
-999.960207082E-9,14.7199993,
39.79039304E-12,14.6399994,
1.0000398E-6,14.5599995,
2.0000398E-6,14.4799995,
3.00003967E-6,14.3999996,
4.00003955E-6,14.3999996,
5.00003989E-6,14.3999996,
6.00003978E-6,14.3199997,
7.00003966E-6,14.2399998,
8.000039998E-6,14.2399998,
9.000039427E-6,14.1599998,
10.0000398E-6,14.1599998,
11.0000401E-6,14.1599998,
12.0000395E-6,14.1599998,
13.0000399E-6,14.0799999,
14.0000393E-6,14.0000000,
15.0000396E-6,14.0000000,
16.0000400E-6,13.9200001,
17.0000403E-6,13.9200001,
18.0000388E-6,13.8400002,
19.0000392E-6,13.7599993,
20.0000395E-6,13.6799994,
21.00003985E-6,13.6799994,
22.00004019E-6,13.5999994,
23.00004053E-6,13.5199995,
24.00003905E-6,13.5199995,
25.00003939E-6,13.4399996,
26.00003972E-6,13.3599997,
27.00004006E-6,13.3599997,
28.00004040E-6,13.2799997,
29.00003892E-6,13.1999998,
30.00003926E-6,13.1999998,
31.00003960E-6,13.1999998,
32.00003994E-6,13.1199999,
33.00004028E-6,13.0400000,
34.00004061E-6,13.0400000,
35.00004095E-6,12.9600000,
36.00004129E-6,12.8800001,
37.00003799E-6,12.7999992,
38.00003833E-6,12.7999992,
39.00003867E-6,12.7199993,
40.00003901E-6,12.7199993,
41.00003935E-6,12.6399994,
42.00003968E-6,12.6399994,
43.00004002E-6,12.6399994,
44.00004036E-6,12.5599995,
45.00004070E-6,12.4799995,
46.00004104E-6,12.4799995,
47.00004138E-6,12.3999996,
48.00003808E-6,12.3199997,
49.00003842E-6,12.3199997,
50.00003875E-6,12.2399998,
51.00003909E-6,12.1599998,
52.00003943E-6,12.1599998,
53.00003977E-6,12.0799999,
54.00004011E-6,12.0000000,
55.000040447E-6,12.0799999,
56.000040786E-6,12.0000000,
57.000041124E-6,12.0000000,
58.000041463E-6,11.9200001,
59.000038164E-6,11.8400002,
60.000038502E-6,11.8400002,
61.000038841E-6,11.7599993,
62.000042817E-6,11.6799994,
63.000043156E-6,11.6799994,
64.000036218E-6,11.5999994,
65.000036557E-6,11.5199995,
66.000036895E-6,11.5199995,
67.000037234E-6,11.4399996,
68.000037572E-6,11.4399996,
69.000037911E-6,11.3599997,
70.000038249E-6,11.2799997,
71.000038588E-6,11.2799997,
72.000038926E-6,11.2799997,
73.000039265E-6,11.1999998,
74.000039604E-6,11.1999998,
75.000039942E-6,11.1199999,
76.000040281E-6,11.0400000,
77.000040619E-6,11.0400000,
78.000040958E-6,11.0400000,
79.000041296E-6,10.9600000,
80.000041635E-6,10.9600000,
81.000041973E-6,10.8800001,
82.000042312E-6,10.8000002,
83.000042650E-6,10.8000002,
84.000042989E-6,10.7199993,
85.000036051E-6,10.7199993,
86.000036390E-6,10.6399994,
87.000036729E-6,10.6399994,
88.000037067E-6,10.5599995,
89.000037406E-6,10.5599995,
90.000037744E-6,10.5599995,
91.000038083E-6,10.4799995,
92.000038421E-6,10.3999996,
93.000038760E-6,10.3999996,
94.000039098E-6,10.3199997,
95.000039437E-6,10.3199997,
96.000039775E-6,10.2399998,
97.000040114E-6,10.2399998,
98.000040452E-6,10.1599998,
99.000040791E-6,10.1599998,
100.0000411E-6,10.0799999,
101.0000415E-6,10.0000000,
102.0000418E-6,10.0000000,
103.0000421E-6,9.920000076,
104.0000425E-6,9.920000076,
105.0000428E-6,9.920000076,
106.0000359E-6,9.920000076,
107.0000362E-6,9.840000153,
108.0000366E-6,9.760000229,
109.0000369E-6,9.760000229,
110.0000372E-6,9.760000229,
111.0000376E-6,9.679999352,
112.0000379E-6,9.679999352,
113.0000383E-6,9.599999428,
114.0000386E-6,9.599999428,
115.0000389E-6,9.519999504,
116.0000393E-6,9.519999504,
117.0000396E-6,9.439999580,
118.0000399E-6,9.439999580,
119.0000403E-6,9.359999657,
120.0000406E-6,9.359999657,
121.0000410E-6,9.279999733,
122.0000413E-6,9.279999733,
123.0000344E-6,9.279999733,
124.0000420E-6,9.199999809,
125.0000350E-6,9.199999809,
126.0000427E-6,9.119999886,
127.0000357E-6,9.039999962,
128.0000433E-6,9.119999886,
129.0000364E-6,9.039999962,
130.0000440E-6,9.039999962,
131.0000371E-6,8.960000038,
132.0000447E-6,8.880000114,
133.0000377E-6,8.880000114,
134.0000454E-6,8.880000114,
135.0000384E-6,8.800000191,
136.0000460E-6,8.800000191,
137.0000391E-6,8.720000267,
138.0000322E-6,8.720000267,
139.0000398E-6,8.720000267,
140.0000328E-6,8.639999390,
141.0000405E-6,8.559999466,
142.0000335E-6,8.559999466,
143.0000411E-6,8.559999466,
144.0000342E-6,8.559999466,
145.0000418E-6,8.479999542,
146.0000349E-6,8.479999542,
147.0000425E-6,8.479999542,
148.0000356E-6,8.399999619,
149.00004317E-6,8.399999619,
150.00003623E-6,8.399999619,
151.00004384E-6,8.319999695,
152.00003691E-6,8.239999771,
153.00004452E-6,8.239999771,
154.00003758E-6,8.159999847,
155.00004520E-6,8.239999771,
156.00003826E-6,8.159999847,
157.00004587E-6,8.079999924,
158.00003894E-6,8.079999924,
159.00004655E-6,8.079999924,
160.00003961E-6,8.000000000,
161.00003268E-6,8.000000000,
162.00004029E-6,7.919999599,
163.00003335E-6,7.919999599,
164.00004097E-6,7.919999599,
165.00003403E-6,7.919999599,
166.00004165E-6,7.839999676,
167.00003471E-6,7.839999676,
168.00004232E-6,7.759999752,
169.00003538E-6,7.759999752,
170.00004300E-6,7.759999752,
171.00003606E-6,7.679999828,
172.00004368E-6,7.679999828,
173.00003674E-6,7.599999905,
174.00004435E-6,7.599999905,
175.00003742E-6,7.519999981,
176.00004503E-6,7.519999981,
177.00003809E-6,7.519999981,
178.00004571E-6,7.519999981,
179.00003877E-6,7.440000057,
180.00004638E-6,7.440000057,
181.00003945E-6,7.35999966,
182.00003251E-6,7.35999966,
183.00004012E-6,7.35999966,
184.00003319E-6,7.27999973,
185.00004080E-6,7.27999973,
186.00003386E-6,7.27999973,
187.00004148E-6,7.19999981,
188.00003454E-6,7.19999981,
189.00004216E-6,7.11999989,
190.00003522E-6,7.11999989,
191.00004283E-6,7.11999989,
192.00003590E-6,7.03999996,
193.00004351E-6,7.03999996,
194.00003657E-6,7.03999996,
195.00004419E-6,7.03999996,
196.00003725E-6,6.96000004,
197.00004486E-6,6.87999964,
198.00003793E-6,6.87999964,
199.00004554E-6,6.87999964,
200.00003860E-6,6.87999964,
201.00004622E-6,6.87999964,
202.00003928E-6,6.79999971,
203.00003234E-6,6.79999971,
204.00003996E-6,6.71999979,
205.00003302E-6,6.71999979,
206.00004063E-6,6.71999979,
207.00003370E-6,6.63999987,
208.00004131E-6,6.63999987,
209.00003437E-6,6.63999987,
210.00004199E-6,6.55999994,
211.00003505E-6,6.55999994,
212.00004267E-6,6.55999994,
213.00003573E-6,6.48000002,
214.00004334E-6,6.48000002,
215.00003641E-6,6.48000002,
216.00004402E-6,6.48000002,
217.00003708E-6,6.39999962,
218.00004470E-6,6.39999962,
219.00003776E-6,6.39999962,
220.00004537E-6,6.31999969,
221.00003844E-6,6.31999969,
222.00004605E-6,6.31999969,
223.00003911E-6,6.31999969,
224.00003218E-6,6.23999977,
225.00003979E-6,6.23999977,
226.00003285E-6,6.23999977,
227.00004047E-6,6.15999985,
228.00003353E-6,6.15999985,
229.00004114E-6,6.15999985,
230.00003421E-6,6.07999992,
231.00004182E-6,6.07999992,
232.00003488E-6,6.07999992,
233.00004250E-6,6.00000000,
234.00003556E-6,6.00000000,
235.00004318E-6,6.00000000,
236.00003624E-6,5.92000008,
237.00004385E-6,5.92000008,
238.00003692E-6,5.92000008,
239.00004453E-6,5.92000008,
240.00003759E-6,5.92000008,
241.00004521E-6,5.83999968,
242.00003827E-6,5.83999968,
243.00004588E-6,5.83999968,
244.00003895E-6,5.75999975,
245.00003201E-6,5.75999975,
246.00003962E-6,5.75999975,
247.00004724E-6,5.67999983,
248.00002575E-6,5.67999983,
249.00003336E-6,5.67999983,
250.00004098E-6,5.67999983,
251.00004859E-6,5.67999983,
252.00002710E-6,5.59999990,
253.00003472E-6,5.59999990,
254.00004233E-6,5.59999990,
255.00004995E-6,5.59999990,
256.00002846E-6,5.51999998,
257.00003607E-6,5.51999998,
258.00004369E-6,5.51999998,
259.00005130E-6,5.44000006,
260.00002981E-6,5.35999966,
261.00003743E-6,5.44000006,
262.00004504E-6,5.35999966,
263.00005266E-6,5.35999966,
264.00003117E-6,5.35999966,
265.00003878E-6,5.35999966,
266.00004639E-6,5.35999966,
267.00002491E-6,5.27999973,
268.00003252E-6,5.27999973,
269.00004013E-6,5.27999973,
270.00004775E-6,5.27999973,
271.00002626E-6,5.19999981,
272.00003387E-6,5.19999981,
273.00004149E-6,5.19999981,
274.00004910E-6,5.19999981,
275.00002761E-6,5.19999981,
276.00003523E-6,5.11999989,
277.00004284E-6,5.11999989,
278.00005046E-6,5.11999989,
279.00002897E-6,5.03999996,
280.00003658E-6,5.03999996,
281.00004420E-6,4.96000004,
282.00005181E-6,5.03999996,
283.00003032E-6,4.96000004,
284.00003794E-6,4.96000004,
285.00004555E-6,4.96000004,
286.00005317E-6,4.96000004,
287.00003168E-6,4.96000004,
288.00003929E-6,4.88000011,
289.00004691E-6,4.88000011,
290.00002542E-6,4.79999971,
291.00003303E-6,4.79999971,
292.00004064E-6,4.79999971,
293.00004826E-6,4.79999971,
294.00002677E-6,4.79999971,
295.00003438E-6,4.71999979,
296.00004200E-6,4.71999979,
297.00004961E-6,4.71999979,
298.00002812E-6,4.71999979,
299.00003574E-6,4.63999987,
300.00004335E-6,4.63999987,
301.00005097E-6,4.63999987,
302.00002948E-6,4.63999987,
303.00003709E-6,4.55999994,
304.00004471E-6,4.55999994,
305.00005232E-6,4.55999994,
306.00003083E-6,4.55999994,
307.00003845E-6,4.55999994,
308.00004606E-6,4.55999994,
309.00002457E-6,4.55999994,
310.00003219E-6,4.48000002,
311.00003980E-6,4.48000002,
312.00004742E-6,4.40000010,
313.00002593E-6,4.40000010,
314.00003354E-6,4.48000002,
315.00004116E-6,4.48000002,
316.00004877E-6,4.40000010,
317.00002728E-6,4.40000010,
318.00003489E-6,4.31999969,
319.00004251E-6,4.31999969,
320.00005012E-6,4.31999969,
321.00002863E-6,4.23999977,
322.00003625E-6,4.31999969,
323.00004386E-6,4.31999969,
324.00005148E-6,4.23999977,
325.00002999E-6,4.23999977,
326.00003760E-6,4.23999977,
327.00004522E-6,4.15999985,
328.00005283E-6,4.15999985,
329.00003134E-6,4.15999985,
330.00003896E-6,4.15999985,
331.00004657E-6,4.15999985,
332.00002508E-6,4.15999985,
333.00003270E-6,4.15999985,
334.00004031E-6,4.15999985,
335.00004793E-6,4.07999992,
336.00002644E-6,4.07999992,
337.00003405E-6,4.07999992,
338.00004167E-6,4.00000000,
339.00004928E-6,4.07999992,
340.00002779E-6,4.00000000,
341.00003541E-6,4.00000000,
342.00004302E-6,3.91999984,
343.00005063E-6,3.91999984,
344.00002914E-6,4.00000000,
345.00003676E-6,3.91999984,
346.00004437E-6,3.91999984,
347.00005199E-6,3.83999991,
348.00003050E-6,3.91999984,
349.00003811E-6,3.83999991,
350.00004573E-6,3.83999991,
351.00005334E-6,3.83999991,
352.00003185E-6,3.83999991,
353.00003947E-6,3.83999991,
354.00004708E-6,3.75999999,
355.00002559E-6,3.75999999,
356.00003321E-6,3.75999999,
357.00004082E-6,3.75999999,
358.00004844E-6,3.75999999,
359.00002695E-6,3.75999999,
360.00003456E-6,3.75999999,
361.00004218E-6,3.75999999,
362.00004979E-6,3.67999983,
363.00002830E-6,3.59999990,
364.00003592E-6,3.67999983,
365.00004353E-6,3.59999990,
366.00005114E-6,3.59999990,
367.00002966E-6,3.59999990,
368.00003727E-6,3.59999990,
369.00004488E-6,3.59999990,
370.00005250E-6,3.59999990,
371.00003101E-6,3.59999990,
372.00003862E-6,3.51999998,
373.00004624E-6,3.51999998,
374.00002475E-6,3.51999998,
375.00003236E-6,3.51999998,
376.00003998E-6,3.51999998,
377.00004759E-6,3.43999982,
378.00002610E-6,3.43999982,
379.00003372E-6,3.43999982,
380.00004133E-6,3.43999982,
381.00004895E-6,3.43999982,
382.00002746E-6,3.43999982,
383.00003507E-6,3.43999982,
384.00004269E-6,3.43999982,
385.00005030E-6,3.35999990,
386.00002881E-6,3.35999990,
387.00003643E-6,3.35999990,
388.00004404E-6,3.27999997,
389.00005165E-6,3.27999997,
390.00003017E-6,3.27999997,
391.00003778E-6,3.27999997,
392.00004539E-6,3.27999997,
393.00005301E-6,3.27999997,
394.00003152E-6,3.27999997,
395.00003913E-6,3.27999997,
396.00004675E-6,3.27999997,
397.00002526E-6,3.27999997,
398.00003287E-6,3.19999981,
399.00004049E-6,3.19999981,
400.00004810E-6,3.19999981,
401.00002661E-6,3.19999981,
402.00003423E-6,3.19999981,
403.00004184E-6,3.11999989,
404.000049457E-6,3.11999989,
405.000027968E-6,3.11999989,
406.000035582E-6,3.11999989,
407.000043197E-6,3.11999989,
408.000050811E-6,3.11999989,
409.000029322E-6,3.03999996,
410.000036936E-6,3.03999996,
411.000044551E-6,3.03999996,
412.000052165E-6,3.03999996,
413.000030676E-6,3.03999996,
414.000038290E-6,3.03999996,
415.000045905E-6,3.03999996,
416.000024416E-6,3.03999996,
417.000032030E-6,2.96000004,
418.000039645E-6,2.96000004,
419.000047259E-6,2.96000004,
420.000025770E-6,2.96000004,
421.000033384E-6,2.96000004,
422.000040999E-6,2.96000004,
423.000048613E-6,2.87999988,
424.000027124E-6,2.87999988,
425.000034738E-6,2.87999988,
426.000042353E-6,2.87999988,
427.000049967E-6,2.87999988,
428.000028478E-6,2.87999988,
429.000036092E-6,2.79999995,
430.000043707E-6,2.79999995,
431.000051321E-6,2.79999995,
432.000029832E-6,2.79999995,
433.000037447E-6,2.79999995,
434.000045061E-6,2.79999995,
435.000052676E-6,2.79999995,
436.000031186E-6,2.79999995,
437.000038801E-6,2.79999995,
438.000046415E-6,2.72000003,
439.000024926E-6,2.79999995,
440.000032540E-6,2.72000003,
441.000040155E-6,2.72000003,
442.000047769E-6,2.72000003,
443.000026280E-6,2.72000003,
444.000033895E-6,2.6399999,
445.000041509E-6,2.6399999,
446.000049124E-6,2.6399999,
447.000027634E-6,2.72000003,
448.000035249E-6,2.6399999,
449.000042863E-6,2.6399999,
450.000050478E-6,2.6399999,
451.000028988E-6,2.6399999,
452.000036603E-6,2.6399999,
453.000044217E-6,2.6399999,
454.000051832E-6,2.5599999,
455.000030342E-6,2.5599999,
456.000037957E-6,2.5599999,
457.000045571E-6,2.5599999,
458.000053186E-6,2.5599999,
459.000031697E-6,2.5599999,
460.000039311E-6,2.4800000,
461.000046926E-6,2.5599999,
462.000025436E-6,2.4800000,
463.000033051E-6,2.4800000,
464.000040665E-6,2.4800000,
465.000048280E-6,2.4800000,
466.000026790E-6,2.4800000,
467.000034405E-6,2.4800000,
468.000042019E-6,2.3999999,
469.000049634E-6,2.4800000,
470.000028145E-6,2.4800000,
471.000035759E-6,2.3999999,
472.000043374E-6,2.3999999,
473.000050988E-6,2.3999999,
474.000029499E-6,2.3999999,
475.000037113E-6,2.3999999,
476.000044728E-6,2.3999999,
477.000052342E-6,2.3999999,
478.000030853E-6,2.3999999,
479.000038467E-6,2.3999999,
480.000046082E-6,2.3999999,
481.000024593E-6,2.3199999,
482.000032207E-6,2.3199999,
483.000039821E-6,2.3199999,
484.000047436E-6,2.3199999,
485.000025947E-6,2.3199999,
486.000033561E-6,2.2400000,
487.000041176E-6,2.3199999,
488.000048790E-6,2.2400000,
489.000056405E-6,2.2400000,
490.000064019E-6,2.3199999,
491.000013426E-6,2.2400000,
492.000021040E-6,2.2400000,
493.000028655E-6,2.2400000,
494.000036269E-6,2.2400000,
495.000043884E-6,2.2400000,
496.000051498E-6,2.2400000,
497.000059113E-6,2.2400000,
498.000066727E-6,2.1599998,
499.000016134E-6,2.1599998,
500.000023749E-6,2.1599998,
501.000031363E-6,2.1599998,
502.000038978E-6,2.1599998,
503.000046592E-6,2.1599998,
504.000054207E-6,2.1599998,
505.000061821E-6,2.0799999,
506.000011228E-6,2.0799999,
507.000018843E-6,2.0799999,
508.000026457E-6,2.0799999,
509.000034072E-6,2.0799999,
510.000041686E-6,2.0799999,
511.000049300E-6,2.0799999,
512.000056915E-6,2.0799999,
513.000064529E-6,2.0799999,
514.000013936E-6,2.0799999,
515.000021551E-6,2.0799999,
516.000029165E-6,2.0799999,
517.000036780E-6,2.0799999,
518.000044394E-6,2.0000000,
519.000052009E-6,2.0799999,
520.000059623E-6,2.0000000,
521.000067238E-6,2.0000000,
522.000016645E-6,2.0000000,
523.000024259E-6,2.0000000,
524.000031874E-6,2.0000000,
525.000039488E-6,1.9200000,
526.000047103E-6,2.0000000,
527.000054717E-6,1.9200000,
528.000062332E-6,2.0000000,
529.000011738E-6,2.0000000,
530.000019353E-6,1.9200000,
531.000026967E-6,1.9200000,
532.000034582E-6,1.9200000,
533.000042196E-6,1.9200000,
534.000049811E-6,1.9200000,
535.000057425E-6,1.9200000,
536.000065040E-6,1.9200000,
537.000014447E-6,1.9200000,
538.000022061E-6,1.8399999,
539.000029676E-6,1.9200000,
540.000037290E-6,1.8399999,
541.000044905E-6,1.8399999,
542.000052519E-6,1.8399999,
543.000060134E-6,1.8399999,
544.000009540E-6,1.8399999,
545.000017155E-6,1.8399999,
546.000024769E-6,1.8399999,
547.000032384E-6,1.8399999,
548.000039998E-6,1.8399999,
549.000047613E-6,1.8399999,
550.000055227E-6,1.8399999,
551.000062842E-6,1.7600000,
552.000012249E-6,1.8399999,
553.000019863E-6,1.7600000,
554.000027478E-6,1.7600000,
555.000035092E-6,1.8399999,
556.000042707E-6,1.7600000,
557.000050321E-6,1.8399999,
558.000057936E-6,1.7600000,
559.000065550E-6,1.7600000,
560.000014957E-6,1.7600000,
561.000022572E-6,1.7600000,
562.000030186E-6,1.7600000,
563.000037801E-6,1.7600000,
564.000045415E-6,1.7600000,
565.000053030E-6,1.7600000,
566.000060644E-6,1.7600000,
567.000010051E-6,1.7600000,
568.000017665E-6,1.7600000,
569.000025280E-6,1.7600000,
570.000032894E-6,1.6799999,
571.000040509E-6,1.6799999,
572.000048123E-6,1.6799999,
573.000055738E-6,1.7600000,
574.000063352E-6,1.6799999,
575.000012759E-6,1.6799999,
576.000020374E-6,1.6799999,
577.000027988E-6,1.6799999,
578.000035603E-6,1.5999999,
579.000043217E-6,1.6799999,
580.000050832E-6,1.5999999,
581.000058446E-6,1.6799999,
582.000066061E-6,1.5999999,
583.000015467E-6,1.6799999,
584.000023082E-6,1.6799999,
585.000030696E-6,1.5999999,
586.000038311E-6,1.5999999,
587.000045925E-6,1.5999999,
588.000053540E-6,1.5999999,
589.000061154E-6,1.5999999,
590.000010561E-6,1.5999999,
591.000018176E-6,1.5200000,
592.000025790E-6,1.5999999,
593.000033405E-6,1.5999999,
594.000041019E-6,1.5999999,
595.000048634E-6,1.5999999,
596.000056248E-6,1.5200000,
597.000063863E-6,1.5200000,
598.000013269E-6,1.5200000,
599.000020884E-6,1.5999999,
600.000028498E-6,1.5200000,
601.000036113E-6,1.5200000,
602.000043727E-6,1.5200000,
603.000051342E-6,1.5200000,
604.000058956E-6,1.5200000,
605.000066571E-6,1.5200000,
606.000015978E-6,1.5200000,
607.000023592E-6,1.4399999,
608.000031207E-6,1.4399999,
609.000038821E-6,1.5200000,
610.000046436E-6,1.5200000,
611.000054050E-6,1.4399999,
612.000061665E-6,1.4399999,
613.000011072E-6,1.4399999,
614.000018686E-6,1.4399999,
615.000026301E-6,1.4399999,
616.000033915E-6,1.4399999,
617.000041530E-6,1.4399999,
618.000049144E-6,1.4399999,
619.000056759E-6,1.4399999,
620.000064373E-6,1.4399999,
621.000013780E-6,1.4399999,
622.000021394E-6,1.4399999,
623.000029009E-6,1.4399999,
624.000036623E-6,1.4399999,
625.000044238E-6,1.4399999,
626.000051852E-6,1.4399999,
627.000059467E-6,1.4399999,
628.000067081E-6,1.3600000,
629.000016488E-6,1.3600000,
630.000024103E-6,1.3600000,
631.000031717E-6,1.3600000,
632.000039332E-6,1.3600000,
633.000046946E-6,1.3600000,
634.000054561E-6,1.3600000,
635.000062175E-6,1.3600000,
636.000011582E-6,1.3600000,
637.000019196E-6,1.3600000,
638.000026811E-6,1.3600000,
639.000034425E-6,1.3600000,
640.000042040E-6,1.2800000,
641.000049654E-6,1.2800000,
642.000057269E-6,1.2800000,
643.000064883E-6,1.2800000,
644.000014290E-6,1.3600000,
645.000021905E-6,1.2800000,
646.000029519E-6,1.2800000,
647.000037134E-6,1.2800000,
648.000044748E-6,1.2800000,
649.000052363E-6,1.2800000,
650.000059977E-6,1.2800000,
651.000009384E-6,1.2800000,
652.000016998E-6,1.2800000,
653.000024613E-6,1.2800000,
654.000032227E-6,1.2800000,
655.000039842E-6,1.2800000,
656.000047456E-6,1.2800000,
657.000055071E-6,1.2800000,
658.000062685E-6,1.2800000,
659.000012092E-6,1.2800000,
660.000019707E-6,1.1999999,
661.000027321E-6,1.2800000,
662.000034936E-6,1.1999999,
663.000042550E-6,1.2800000,
664.000050165E-6,1.1999999,
665.000057779E-6,1.1999999,
666.000065394E-6,1.1999999,
667.000014801E-6,1.1999999,
668.000022415E-6,1.1999999,
669.000030030E-6,1.1999999,
670.000037644E-6,1.1999999,
671.000045259E-6,1.1999999,
672.000052873E-6,1.2800000,
673.000060488E-6,1.1999999,
674.000009894E-6,1.1999999,
675.000017509E-6,1.1999999,
676.000025123E-6,1.1999999,
677.000032738E-6,1.1999999,
678.000040352E-6,1.1999999,
679.000047967E-6,1.1999999,
680.000055581E-6,1.1200000,
681.000063196E-6,1.1200000,
682.000012603E-6,1.1200000,
683.000020217E-6,1.1200000,
684.000027832E-6,1.1999999,
685.000035446E-6,1.1200000,
686.000043061E-6,1.1200000,
687.000050675E-6,1.1200000,
688.000058290E-6,1.1200000,
689.000065904E-6,1.1200000,
690.000015311E-6,1.1200000,
691.000022925E-6,1.1200000,
692.000030540E-6,1.1200000,
693.000038154E-6,1.1200000,
694.000045769E-6,1.1200000,
695.000053383E-6,1.1200000,
696.000060998E-6,1.1200000,
697.000010405E-6,1.0400000,
698.000018019E-6,1.0400000,
699.000025634E-6,1.0400000,
700.000033248E-6,1.1200000,
701.000040863E-6,1.1200000,
702.000048477E-6,1.1200000,
703.000056092E-6,1.0400000,
704.000063706E-6,1.0400000,
705.000013113E-6,1.0400000,
706.000020728E-6,1.0400000,
707.000028342E-6,1.0400000,
708.000035957E-6,1.0400000,
709.000043571E-6,1.0400000,
710.000051185E-6,1.0400000,
711.000058800E-6,1.0400000,
712.000066414E-6,1.0400000,
713.000015821E-6,1.0400000,
714.000023436E-6,1.0400000,
715.000031050E-6,1.0400000,
716.000038665E-6,1.0400000,
717.000046279E-6,1.0400000,
718.000053894E-6,959.999978542E-3,
719.000061508E-6,959.999978542E-3,
720.000010915E-6,1.0400000,
721.000018530E-6,959.999978542E-3,
722.000026144E-6,959.999978542E-3,
723.000033759E-6,1.0400000,
724.000041373E-6,1.0400000,
725.000048988E-6,959.999978542E-3,
726.000056602E-6,959.999978542E-3,
727.000064217E-6,959.999978542E-3,
728.000013623E-6,959.999978542E-3,
729.000021238E-6,959.999978542E-3,
730.000028852E-6,959.999978542E-3,
731.000036467E-6,959.999978542E-3,
732.000044081E-6,959.999978542E-3,
733.000051696E-6,959.999978542E-3,
734.000059310E-6,959.999978542E-3,
735.000066925E-6,959.999978542E-3,
736.000016332E-6,959.999978542E-3,
737.000023946E-6,959.999978542E-3,
738.000031561E-6,879.999995232E-3,
739.000039175E-6,959.999978542E-3,
740.000046790E-6,959.999978542E-3,
741.000054404E-6,959.999978542E-3,
742.000062019E-6,959.999978542E-3,
743.000011425E-6,959.999978542E-3,
744.000019040E-6,959.999978542E-3,
745.000026654E-6,959.999978542E-3,
746.000034269E-6,879.999995232E-3,
747.000041883E-6,959.999978542E-3,
748.000049498E-6,879.999995232E-3,
749.000057112E-6,879.999995232E-3,
750.000064727E-6,879.999995232E-3,
751.000014134E-6,879.999995232E-3,
752.000021748E-6,879.999995232E-3,
753.000029363E-6,879.999995232E-3,
754.000036977E-6,879.999995232E-3,
755.000044592E-6,879.999995232E-3,
756.000052206E-6,879.999995232E-3,
757.000059821E-6,879.999995232E-3,
758.000009228E-6,879.999995232E-3,
759.000016842E-6,879.999995232E-3,
760.000024457E-6,879.999995232E-3,
761.000032071E-6,879.999995232E-3,
762.000039686E-6,879.999995232E-3,
763.000047300E-6,879.999995232E-3,
764.000054915E-6,879.999995232E-3,
765.000062529E-6,879.999995232E-3,
766.000011936E-6,879.999995232E-3,
767.000019550E-6,879.999995232E-3,
768.000027165E-6,879.999995232E-3,
769.000034779E-6,799.999952316E-3,
770.000042394E-6,879.999995232E-3,
771.000050008E-6,799.999952316E-3,
772.000057623E-6,799.999952316E-3,
773.000065237E-6,799.999952316E-3,
774.000014644E-6,879.999995232E-3,
775.000022259E-6,879.999995232E-3,
776.000029873E-6,799.999952316E-3,
777.000037488E-6,879.999995232E-3,
778.000045102E-6,799.999952316E-3,
779.000052717E-6,799.999952316E-3,
780.000060331E-6,879.999995232E-3,
781.000009738E-6,879.999995232E-3,
782.000017352E-6,879.999995232E-3,
783.000024967E-6,799.999952316E-3,
784.000032581E-6,799.999952316E-3,
785.000040196E-6,799.999952316E-3,
786.000047810E-6,799.999952316E-3,
787.000055425E-6,799.999952316E-3,
788.000063039E-6,799.999952316E-3,
789.000012446E-6,719.999969006E-3,
790.000020061E-6,799.999952316E-3,
791.000027675E-6,719.999969006E-3,
792.000035290E-6,799.999952316E-3,
793.000042904E-6,799.999952316E-3,
794.000050519E-6,799.999952316E-3,
795.000058133E-6,799.999952316E-3,
796.000065748E-6,719.999969006E-3,
797.000015154E-6,799.999952316E-3,
798.000022769E-6,799.999952316E-3,
799.000030383E-6,719.999969006E-3,
800.000037998E-6,719.999969006E-3,
801.000045612E-6,719.999969006E-3,
802.000053227E-6,719.999969006E-3,
803.000060841E-6,719.999969006E-3,
804.000010248E-6,719.999969006E-3,
805.000017863E-6,719.999969006E-3,
806.000025477E-6,719.999969006E-3,
807.000033092E-6,719.999969006E-3,
808.000040706E-6,719.999969006E-3,
809.000048321E-6,719.999969006E-3,
810.000055935E-6,719.999969006E-3,
811.000063550E-6,719.999969006E-3,
812.000012957E-6,719.999969006E-3,
813.000020571E-6,719.999969006E-3,
814.000028186E-6,719.999969006E-3,
815.000035800E-6,639.999985695E-3,
816.000043415E-6,719.999969006E-3,
817.000051029E-6,719.999969006E-3,
818.000058644E-6,719.999969006E-3,
819.000066258E-6,639.999985695E-3,
820.000015665E-6,719.999969006E-3,
821.000023279E-6,719.999969006E-3,
822.000030894E-6,719.999969006E-3,
823.000038508E-6,639.999985695E-3,
824.000046123E-6,719.999969006E-3,
825.000053737E-6,719.999969006E-3,
826.000061352E-6,719.999969006E-3,
827.000010759E-6,719.999969006E-3,
828.000018373E-6,719.999969006E-3,
829.000025988E-6,719.999969006E-3,
830.000033602E-6,639.999985695E-3,
831.000041217E-6,639.999985695E-3,
832.000048831E-6,719.999969006E-3,
833.000056446E-6,719.999969006E-3,
834.000064060E-6,719.999969006E-3,
835.000013467E-6,639.999985695E-3,
836.000021081E-6,639.999985695E-3,
837.000028696E-6,719.999969006E-3,
838.000036310E-6,639.999985695E-3,
839.000043925E-6,639.999985695E-3,
840.000051539E-6,639.999985695E-3,
841.000059154E-6,639.999985695E-3,
842.000008561E-6,639.999985695E-3,
843.000016175E-6,639.999985695E-3,
844.000023790E-6,639.999985695E-3,
845.000031404E-6,639.999985695E-3,
846.000039019E-6,639.999985695E-3,
847.000046633E-6,639.999985695E-3,
848.000054248E-6,639.999985695E-3,
849.000061862E-6,560.000002384E-3,
850.000011269E-6,639.999985695E-3,
851.000018883E-6,639.999985695E-3,
852.000026498E-6,639.999985695E-3,
853.000034112E-6,639.999985695E-3,
854.000041727E-6,639.999985695E-3,
855.000049341E-6,639.999985695E-3,
856.000056956E-6,639.999985695E-3,
857.000064570E-6,560.000002384E-3,
858.000013977E-6,639.999985695E-3,
859.000021592E-6,639.999985695E-3,
860.000029206E-6,639.999985695E-3,
861.000036821E-6,560.000002384E-3,
862.000044435E-6,639.999985695E-3,
863.000052050E-6,560.000002384E-3,
864.000059664E-6,560.000002384E-3,
865.000009071E-6,639.999985695E-3,
866.000016686E-6,560.000002384E-3,
867.000024300E-6,639.999985695E-3,
868.000031915E-6,639.999985695E-3,
869.000039529E-6,639.999985695E-3,
870.000047144E-6,560.000002384E-3,
871.000054758E-6,560.000002384E-3,
872.000062373E-6,560.000002384E-3,
873.000011779E-6,639.999985695E-3,
874.000019394E-6,560.000002384E-3,
875.000027008E-6,639.999985695E-3,
876.000034623E-6,560.000002384E-3,
877.000042237E-6,560.000002384E-3,
878.000049852E-6,560.000002384E-3,
879.000057466E-6,560.000002384E-3,
880.000065081E-6,560.000002384E-3,
881.000014488E-6,560.000002384E-3,
882.000022102E-6,560.000002384E-3,
883.000029717E-6,560.000002384E-3,
884.000037331E-6,560.000002384E-3,
885.000044946E-6,560.000002384E-3,
886.000052560E-6,560.000002384E-3,
887.000060175E-6,560.000002384E-3,
888.000009581E-6,560.000002384E-3,
889.000017196E-6,560.000002384E-3,
890.000024810E-6,560.000002384E-3,
891.000032425E-6,560.000002384E-3,
892.000040039E-6,560.000002384E-3,
893.000047654E-6,560.000002384E-3,
894.000055268E-6,479.999989271E-3,
895.000062883E-6,479.999989271E-3,
896.000012290E-6,560.000002384E-3,
897.000019904E-6,560.000002384E-3,
898.000027519E-6,560.000002384E-3,
899.000035133E-6,560.000002384E-3,
900.000042748E-6,560.000002384E-3,
901.000050362E-6,560.000002384E-3,
902.000057977E-6,560.000002384E-3,
903.000065591E-6,560.000002384E-3,
904.000014998E-6,560.000002384E-3,
905.000022613E-6,560.000002384E-3,
906.000030227E-6,560.000002384E-3,
907.000037841E-6,479.999989271E-3,
908.000045456E-6,479.999989271E-3,
909.000053070E-6,479.999989271E-3,
910.000060685E-6,479.999989271E-3,
911.000010092E-6,560.000002384E-3,
912.000017706E-6,560.000002384E-3,
913.000025321E-6,479.999989271E-3,
914.000032935E-6,560.000002384E-3,
915.000040550E-6,479.999989271E-3,
916.000048164E-6,479.999989271E-3,
917.000055779E-6,560.000002384E-3,
918.000063393E-6,479.999989271E-3,
919.000012800E-6,479.999989271E-3,
920.000020415E-6,560.000002384E-3,
921.000028029E-6,560.000002384E-3,
922.000035644E-6,479.999989271E-3,
923.000043258E-6,479.999989271E-3,
924.000050873E-6,560.000002384E-3,
925.000058487E-6,560.000002384E-3,
926.000066102E-6,479.999989271E-3,
927.000015508E-6,479.999989271E-3,
928.000023123E-6,560.000002384E-3,
929.000030737E-6,479.999989271E-3,
930.000038352E-6,479.999989271E-3,
931.000045966E-6,479.999989271E-3,
932.000053581E-6,479.999989271E-3,
933.000061195E-6,479.999989271E-3,
934.000010602E-6,479.999989271E-3,
935.000018217E-6,479.999989271E-3,
936.000025831E-6,479.999989271E-3,
937.000033446E-6,479.999989271E-3,
938.000041060E-6,479.999989271E-3,
939.000048675E-6,479.999989271E-3,
940.000056289E-6,479.999989271E-3,
941.000063904E-6,479.999989271E-3,
942.000013310E-6,479.999989271E-3,
943.000020925E-6,479.999989271E-3,
944.000028539E-6,399.99997616E-3,
945.000036154E-6,479.999989271E-3,
946.000043768E-6,479.999989271E-3,
947.000051383E-6,479.999989271E-3,
948.000058997E-6,479.999989271E-3,
949.000008404E-6,479.999989271E-3,
950.000016019E-6,479.999989271E-3,
951.000023633E-6,479.999989271E-3,
952.000031248E-6,479.999989271E-3,
953.000038862E-6,479.999989271E-3,
954.000046477E-6,479.999989271E-3,
955.000054091E-6,479.999989271E-3,
956.000061706E-6,399.99997616E-3,
957.000011113E-6,399.99997616E-3,
958.000018727E-6,399.99997616E-3,
959.000026342E-6,479.999989271E-3,
960.000033956E-6,399.99997616E-3,
961.000041571E-6,399.99997616E-3,
962.000049185E-6,399.99997616E-3,
963.000056800E-6,399.99997616E-3,
964.000064414E-6,399.99997616E-3,
965.000013821E-6,479.999989271E-3,
966.000021435E-6,399.99997616E-3,
967.000029050E-6,399.99997616E-3,
968.000036664E-6,399.99997616E-3,
969.000044279E-6,399.99997616E-3,
970.000051893E-6,399.99997616E-3,
971.000059508E-6,399.99997616E-3,
972.000008915E-6,399.99997616E-3,
973.000016529E-6,399.99997616E-3,
974.000024144E-6,399.99997616E-3,
975.000031758E-6,399.99997616E-3,
976.000039373E-6,399.99997616E-3,
976.999988779E-6,399.99997616E-3,
977.999996394E-6,399.99997616E-3,
979.000004008E-6,399.99997616E-3,
980.000011623E-6,399.99997616E-3,
981.000019237E-6,399.99997616E-3,
982.000026852E-6,399.99997616E-3,
983.000034466E-6,399.99997616E-3,
984.000042081E-6,399.99997616E-3,
985.000049695E-6,399.99997616E-3,
986.000057310E-6,399.99997616E-3,
987.000064924E-6,399.99997616E-3,
988.000072539E-6,399.99997616E-3,
989.000080153E-6,399.99997616E-3,
990.000087768E-6,399.99997616E-3,
991.000095382E-6,399.99997616E-3,
991.999986582E-6,399.99997616E-3,
992.999994196E-6,479.999989271E-3,
994.000001810E-6,399.99997616E-3,
995.000009425E-6,399.99997616E-3,
996.000017039E-6,399.99997616E-3,
997.000024654E-6,399.99997616E-3,
998.000032268E-6,399.99997616E-3,
999.000039883E-6,399.99997616E-3,
1.0000000E-3,399.99997616E-3,
1.0010001E-3,399.99997616E-3,
1.0020001E-3,399.99997616E-3,
1.0030001E-3,399.99997616E-3,
1.0040001E-3,399.99997616E-3,
1.0050001E-3,399.99997616E-3,
1.0060001E-3,319.99999285E-3,
1.0070000E-3,399.99997616E-3,
1.0080000E-3,319.99999285E-3,
1.0090000E-3,399.99997616E-3,
1.0100000E-3,399.99997616E-3,
1.0110000E-3,399.99997616E-3,
1.0120000E-3,399.99997616E-3,
1.0130000E-3,399.99997616E-3,
1.0140000E-3,399.99997616E-3,
1.0150000E-3,399.99997616E-3,
1.0160001E-3,399.99997616E-3,
1.0170001E-3,399.99997616E-3,
1.0180001E-3,399.99997616E-3,
1.0190001E-3,399.99997616E-3,
1.0200001E-3,399.99997616E-3,
1.0210001E-3,399.99997616E-3,
1.0220000E-3,319.99999285E-3,
1.0230000E-3,399.99997616E-3,
1.0240000E-3,399.99997616E-3,
1.0250000E-3,319.99999285E-3,
1.0260000E-3,319.99999285E-3,
1.0270000E-3,319.99999285E-3,
1.0280000E-3,399.99997616E-3,
1.0290000E-3,399.99997616E-3,
1.0300000E-3,319.99999285E-3,
1.0310001E-3,319.99999285E-3,
1.0320001E-3,319.99999285E-3,
1.0330001E-3,399.99997616E-3,
1.0340001E-3,399.99997616E-3,
1.0350001E-3,319.99999285E-3,
1.0360001E-3,399.99997616E-3,
1.0370000E-3,399.99997616E-3,
1.0380000E-3,399.99997616E-3,
1.0390000E-3,319.99999285E-3,
1.0400000E-3,319.99999285E-3,
1.0410000E-3,399.99997616E-3,
1.0420000E-3,319.99999285E-3,
1.0430000E-3,319.99999285E-3,
1.0440000E-3,319.99999285E-3,
1.0450000E-3,319.99999285E-3,
1.0460000E-3,319.99999285E-3,
1.0470001E-3,319.99999285E-3,
1.0480001E-3,399.99997616E-3,
1.0490001E-3,319.99999285E-3,
1.0500001E-3,319.99999285E-3,
1.0510001E-3,319.99999285E-3,
1.0520001E-3,399.99997616E-3,
1.0530000E-3,319.99999285E-3,
1.0540000E-3,319.99999285E-3,
1.0550000E-3,319.99999285E-3,
1.0560000E-3,319.99999285E-3,
1.0570000E-3,319.99999285E-3,
1.0580000E-3,319.99999285E-3,
1.0590000E-3,319.99999285E-3,
1.0600000E-3,319.99999285E-3,
1.0610000E-3,319.99999285E-3,
1.0620001E-3,319.99999285E-3,
1.0630001E-3,319.99999285E-3,
1.0640001E-3,319.99999285E-3,
1.0650001E-3,319.99999285E-3,
1.0660001E-3,319.99999285E-3,
1.0670001E-3,319.99999285E-3,
1.0680000E-3,319.99999285E-3,
1.0690000E-3,319.99999285E-3,
1.0700000E-3,319.99999285E-3,
1.0710000E-3,319.99999285E-3,
1.0720000E-3,319.99999285E-3,
1.0730000E-3,319.99999285E-3,
1.0740000E-3,319.99999285E-3,
1.0750000E-3,319.99999285E-3,
1.0760000E-3,319.99999285E-3,
1.0770001E-3,319.99999285E-3,
1.0780001E-3,319.99999285E-3,
1.0790001E-3,319.99999285E-3,
1.0800001E-3,319.99999285E-3,
1.0810001E-3,319.99999285E-3,
1.0820001E-3,239.99999464E-3,
1.0830000E-3,239.99999464E-3,
1.0840000E-3,319.99999285E-3,
1.0850000E-3,319.99999285E-3,
1.0860000E-3,319.99999285E-3,
1.0870000E-3,319.99999285E-3,
1.0880000E-3,319.99999285E-3,
1.0890000E-3,319.99999285E-3,
1.0900000E-3,319.99999285E-3,
1.0910000E-3,319.99999285E-3,
1.0920000E-3,319.99999285E-3,
1.0930001E-3,239.99999464E-3,
1.0940001E-3,319.99999285E-3,
1.0950001E-3,319.99999285E-3,
1.0960001E-3,239.99999464E-3,
1.0970001E-3,239.99999464E-3,
1.0980000E-3,239.99999464E-3,
1.0990000E-3,319.99999285E-3,
1.1000000E-3,319.99999285E-3,
1.1010000E-3,319.99999285E-3,
1.1020000E-3,239.99999464E-3,
1.1030000E-3,319.99999285E-3,
1.1040000E-3,239.99999464E-3,
1.1050000E-3,319.99999285E-3,
1.1060000E-3,239.99999464E-3,
1.1070000E-3,319.99999285E-3,
1.1080001E-3,319.99999285E-3,
1.1090001E-3,319.99999285E-3,
1.1100001E-3,319.99999285E-3,
1.1110001E-3,239.99999464E-3,
1.1120001E-3,319.99999285E-3,
1.1130001E-3,319.99999285E-3,
1.1140000E-3,319.99999285E-3,
1.1150000E-3,239.99999464E-3,
1.1160000E-3,239.99999464E-3,
1.1170000E-3,319.99999285E-3,
1.1180000E-3,319.99999285E-3,
1.1190000E-3,319.99999285E-3,
1.1200000E-3,319.99999285E-3,
1.1210000E-3,239.99999464E-3,
1.1220000E-3,239.99999464E-3,
1.1230001E-3,319.99999285E-3,
1.1240001E-3,319.99999285E-3,
1.1250001E-3,239.99999464E-3,
1.1260001E-3,239.99999464E-3,
1.1270001E-3,319.99999285E-3,
1.1280001E-3,239.99999464E-3,
1.1290000E-3,239.99999464E-3,
1.1300000E-3,319.99999285E-3,
1.1310000E-3,239.99999464E-3,
1.1320000E-3,239.99999464E-3,
1.1330000E-3,239.99999464E-3,
1.1340000E-3,239.99999464E-3,
1.1350000E-3,239.99999464E-3,
1.1360000E-3,239.99999464E-3,
1.1370000E-3,239.99999464E-3,
1.1380001E-3,239.99999464E-3,
1.1390001E-3,239.99999464E-3,
1.1400001E-3,239.99999464E-3,
1.1410001E-3,239.99999464E-3,
1.1420001E-3,239.99999464E-3,
1.1430001E-3,239.99999464E-3,
1.1440000E-3,239.99999464E-3,
1.1450000E-3,239.99999464E-3,
1.1460000E-3,239.99999464E-3,
1.1470000E-3,239.99999464E-3,
1.1480000E-3,239.99999464E-3,
1.1490000E-3,239.99999464E-3,
1.1500000E-3,239.99999464E-3,
1.1510000E-3,239.99999464E-3,
1.1520000E-3,319.99999285E-3,
1.1530000E-3,239.99999464E-3,
1.1540001E-3,239.99999464E-3,
1.1550001E-3,239.99999464E-3,
1.1560001E-3,239.99999464E-3,
1.1570001E-3,239.99999464E-3,
1.1580001E-3,239.99999464E-3,
1.1590001E-3,239.99999464E-3,
1.1600000E-3,239.99999464E-3,
1.1610000E-3,239.99999464E-3,
1.1620000E-3,239.99999464E-3,
1.1630000E-3,239.99999464E-3,
1.1640000E-3,239.99999464E-3,
1.1650000E-3,239.99999464E-3,
1.1660000E-3,239.99999464E-3,
1.1670000E-3,239.99999464E-3,
1.1680000E-3,239.99999464E-3,
1.1690001E-3,239.99999464E-3,
1.1700001E-3,239.99999464E-3,
1.1710001E-3,239.99999464E-3,
1.1720001E-3,239.99999464E-3,
1.1730001E-3,239.99999464E-3,
1.1740001E-3,239.99999464E-3,
1.1750000E-3,239.99999464E-3,
1.1760000E-3,239.99999464E-3,
1.1770000E-3,239.99999464E-3,
1.1780000E-3,239.99999464E-3,
1.1790000E-3,239.99999464E-3,
1.1800000E-3,239.99999464E-3,
1.1810000E-3,239.99999464E-3,
1.1820000E-3,239.99999464E-3,
1.1830000E-3,239.99999464E-3,
1.1840001E-3,239.99999464E-3,
1.1850001E-3,239.99999464E-3,
1.1860001E-3,239.99999464E-3,
1.1870001E-3,239.99999464E-3,
1.1880001E-3,239.99999464E-3,
1.1890001E-3,239.99999464E-3,
1.1900000E-3,239.99999464E-3,
1.1910000E-3,239.99999464E-3,
1.1920000E-3,239.99999464E-3,
1.1930000E-3,239.99999464E-3,
1.1940000E-3,239.99999464E-3,
1.1950000E-3,239.99999464E-3,
1.1960000E-3,239.99999464E-3,
1.1970000E-3,239.99999464E-3,
1.1980000E-3,239.99999464E-3,
1.1990000E-3,239.99999464E-3,
1.2000001E-3,239.99999464E-3,
1.2010001E-3,239.99999464E-3,
1.2020001E-3,239.99999464E-3,
1.2030001E-3,239.99999464E-3,
1.2040001E-3,239.99999464E-3,
1.2050000E-3,239.99999464E-3,
1.2060000E-3,239.99999464E-3,
1.2070000E-3,239.99999464E-3,
1.2080000E-3,159.99999642E-3,
1.2090000E-3,239.99999464E-3,
1.2100000E-3,239.99999464E-3,
1.2110000E-3,159.99999642E-3,
1.2120000E-3,239.99999464E-3,
1.2130000E-3,239.99999464E-3,
1.2140000E-3,239.99999464E-3,
1.2150001E-3,239.99999464E-3,
1.2160001E-3,239.99999464E-3,
1.2170001E-3,239.99999464E-3,
1.2180001E-3,239.99999464E-3,
1.2190001E-3,239.99999464E-3,
1.2200001E-3,239.99999464E-3,
1.2210000E-3,239.99999464E-3,
1.2220000E-3,239.99999464E-3,
1.2230000E-3,239.99999464E-3,
1.2240000E-3,239.99999464E-3,
1.2250000E-3,239.99999464E-3,
1.2260000E-3,239.99999464E-3,
1.2270000E-3,239.99999464E-3,
1.2280000E-3,239.99999464E-3,
1.2290000E-3,239.99999464E-3,
1.2300001E-3,239.99999464E-3,
1.2310001E-3,239.99999464E-3,
1.2320001E-3,159.99999642E-3,
1.2330001E-3,239.99999464E-3,
1.2340001E-3,239.99999464E-3,
1.2350001E-3,239.99999464E-3,
1.2360000E-3,239.99999464E-3,
1.2370000E-3,239.99999464E-3,
1.2380000E-3,239.99999464E-3,
1.2390000E-3,239.99999464E-3,
1.2400000E-3,239.99999464E-3,
1.2410000E-3,239.99999464E-3,
1.2420000E-3,159.99999642E-3,
1.2430000E-3,239.99999464E-3,
1.2440000E-3,239.99999464E-3,
1.2450001E-3,159.99999642E-3,
1.2460001E-3,239.99999464E-3,
1.2470001E-3,239.99999464E-3,
1.2480001E-3,159.99999642E-3,
1.2490001E-3,239.99999464E-3,
1.2500001E-3,239.99999464E-3,
1.2510000E-3,159.99999642E-3,
1.2520000E-3,159.99999642E-3,
1.2530000E-3,239.99999464E-3,
1.2540000E-3,239.99999464E-3,
1.2550000E-3,239.99999464E-3,
1.2560000E-3,159.99999642E-3,
1.2570000E-3,239.99999464E-3,
1.2580000E-3,159.99999642E-3,
1.2590000E-3,239.99999464E-3,
1.2600000E-3,239.99999464E-3,
1.2610001E-3,239.99999464E-3,
1.2620001E-3,239.99999464E-3,
1.2630001E-3,159.99999642E-3,
1.2640001E-3,159.99999642E-3,
1.2650001E-3,159.99999642E-3,
1.2660001E-3,239.99999464E-3,
1.2670000E-3,159.99999642E-3,
1.2680000E-3,239.99999464E-3,
1.2690000E-3,239.99999464E-3,
1.2700000E-3,159.99999642E-3,
1.2710000E-3,159.99999642E-3,
1.2720000E-3,239.99999464E-3,
1.2730000E-3,159.99999642E-3,
1.2740000E-3,159.99999642E-3,
1.2750000E-3,159.99999642E-3,
1.2760001E-3,159.99999642E-3,
1.2770001E-3,159.99999642E-3,
1.2780001E-3,239.99999464E-3,
1.2790001E-3,159.99999642E-3,
1.2800001E-3,159.99999642E-3,
1.2810001E-3,239.99999464E-3,
1.2820000E-3,159.99999642E-3,
1.2830000E-3,159.99999642E-3,
1.2840000E-3,159.99999642E-3,
1.2850000E-3,159.99999642E-3,
1.2860000E-3,159.99999642E-3,
1.2870000E-3,239.99999464E-3,
1.2880000E-3,239.99999464E-3,
1.2890000E-3,159.99999642E-3,
1.2900000E-3,239.99999464E-3,
1.2910001E-3,159.99999642E-3,
1.2920001E-3,159.99999642E-3,
1.2930001E-3,159.99999642E-3,
1.2940001E-3,159.99999642E-3,
1.2950001E-3,159.99999642E-3,
1.2960001E-3,159.99999642E-3,
1.2970000E-3,159.99999642E-3,
1.2980000E-3,159.99999642E-3,
1.2990000E-3,159.99999642E-3,
1.3000000E-3,239.99999464E-3,
1.3010000E-3,239.99999464E-3,
1.3020000E-3,239.99999464E-3,
1.3030000E-3,159.99999642E-3,
1.3040000E-3,159.99999642E-3,
1.3050000E-3,159.99999642E-3,
1.3060000E-3,239.99999464E-3,
1.3070001E-3,239.99999464E-3,
1.3080001E-3,159.99999642E-3,
1.3090001E-3,159.99999642E-3,
1.3100001E-3,159.99999642E-3,
1.3110001E-3,159.99999642E-3,
1.3120000E-3,159.99999642E-3,
1.3130000E-3,159.99999642E-3,
1.3140000E-3,159.99999642E-3,
1.3150000E-3,159.99999642E-3,
1.3160000E-3,159.99999642E-3,
1.3170000E-3,239.99999464E-3,
1.3180000E-3,159.99999642E-3,
1.3190000E-3,159.99999642E-3,
1.3200000E-3,159.99999642E-3,
1.3210000E-3,159.99999642E-3,
1.3220001E-3,79.999998212E-3,
1.3230001E-3,239.99999464E-3,
1.3240001E-3,159.99999642E-3,
1.3250001E-3,239.99999464E-3,
1.3260001E-3,159.99999642E-3,
1.3270001E-3,159.99999642E-3,
1.3280000E-3,159.99999642E-3,
1.3290000E-3,159.99999642E-3,
1.3300000E-3,159.99999642E-3,
1.3310000E-3,159.99999642E-3,
1.3320000E-3,159.99999642E-3,
1.3330000E-3,159.99999642E-3,
1.3340000E-3,159.99999642E-3,
1.3350000E-3,159.99999642E-3,
1.3360000E-3,159.99999642E-3,
1.3370001E-3,159.99999642E-3,
1.3380001E-3,159.99999642E-3,
1.3390001E-3,159.99999642E-3,
1.3400001E-3,159.99999642E-3,
1.3410001E-3,159.99999642E-3,
1.3420001E-3,159.99999642E-3,
1.3430000E-3,159.99999642E-3,
1.3440000E-3,159.99999642E-3,
1.3450000E-3,239.99999464E-3,
1.3460000E-3,159.99999642E-3,
1.3470000E-3,239.99999464E-3,
1.3480000E-3,159.99999642E-3,
1.3490000E-3,159.99999642E-3,
1.3500000E-3,159.99999642E-3,
1.3510000E-3,239.99999464E-3,
1.3520001E-3,159.99999642E-3,
1.3530001E-3,159.99999642E-3,
1.3540001E-3,159.99999642E-3,
1.3550001E-3,159.99999642E-3,
1.3560001E-3,159.99999642E-3,
1.3570001E-3,159.99999642E-3,
1.3580000E-3,239.99999464E-3,
1.3590000E-3,159.99999642E-3,
1.3600000E-3,159.99999642E-3,
1.3610000E-3,159.99999642E-3,
1.3620000E-3,79.999998212E-3,
1.3630000E-3,159.99999642E-3,
1.3640000E-3,159.99999642E-3,
1.3650000E-3,159.99999642E-3,
1.3660000E-3,159.99999642E-3,
1.3670000E-3,159.99999642E-3,
1.3680001E-3,159.99999642E-3,
1.3690001E-3,159.99999642E-3,
1.3700001E-3,159.99999642E-3,
1.3710001E-3,159.99999642E-3,
1.3720001E-3,79.999998212E-3,
1.3730001E-3,79.999998212E-3,
1.3740000E-3,159.99999642E-3,
1.3750000E-3,159.99999642E-3,
1.3760000E-3,159.99999642E-3,
1.3770000E-3,159.99999642E-3,
1.3780000E-3,159.99999642E-3,
1.3790000E-3,159.99999642E-3,
1.3800000E-3,159.99999642E-3,
1.3810000E-3,159.99999642E-3,
1.3820000E-3,159.99999642E-3,
1.3830001E-3,159.99999642E-3,
1.3840001E-3,79.999998212E-3,
1.3850001E-3,79.999998212E-3,
1.3860001E-3,159.99999642E-3,
1.3870001E-3,159.99999642E-3,
1.3880001E-3,159.99999642E-3,
1.3890000E-3,159.99999642E-3,
1.3900000E-3,159.99999642E-3,
1.3910000E-3,159.99999642E-3,
1.3920000E-3,159.99999642E-3,
1.3930000E-3,159.99999642E-3,
1.3940000E-3,159.99999642E-3,
1.3950000E-3,159.99999642E-3,
1.3960000E-3,159.99999642E-3,
1.3970000E-3,159.99999642E-3,
1.3980001E-3,159.99999642E-3,
1.3990001E-3,159.99999642E-3,
1.4000001E-3,159.99999642E-3,
1.4010001E-3,159.99999642E-3,
1.4020001E-3,79.999998212E-3,
1.4030001E-3,79.999998212E-3,
1.4040000E-3,159.99999642E-3,
1.4050000E-3,159.99999642E-3,
1.4060000E-3,159.99999642E-3,
1.4070000E-3,159.99999642E-3,
1.4080000E-3,159.99999642E-3,
1.4090000E-3,79.999998212E-3,
1.4100000E-3,159.99999642E-3,
1.4110000E-3,159.99999642E-3,
1.4120000E-3,159.99999642E-3,
1.4130000E-3,159.99999642E-3,
1.4140001E-3,159.99999642E-3,
1.4150001E-3,159.99999642E-3,
1.4160001E-3,159.99999642E-3,
1.4170001E-3,79.999998212E-3,
1.4180001E-3,79.999998212E-3,
1.4190000E-3,159.99999642E-3,
1.4200000E-3,159.99999642E-3,
1.4210000E-3,159.99999642E-3,
1.4220000E-3,79.999998212E-3,
1.4230000E-3,159.99999642E-3,
1.4240000E-3,159.99999642E-3,
1.4250000E-3,159.99999642E-3,
1.4260000E-3,79.999998212E-3,
1.4270000E-3,159.99999642E-3,
1.4280000E-3,79.999998212E-3,
1.4290001E-3,159.99999642E-3,
1.4300001E-3,79.999998212E-3,
1.4310001E-3,159.99999642E-3,
1.4320001E-3,79.999998212E-3,
1.4330001E-3,159.99999642E-3,
1.4340001E-3,159.99999642E-3,
1.4350000E-3,159.99999642E-3,
1.4360000E-3,159.99999642E-3,
1.4370000E-3,159.99999642E-3,
1.4380000E-3,159.99999642E-3,
1.4390000E-3,159.99999642E-3,
1.4400000E-3,159.99999642E-3,
1.4410000E-3,159.99999642E-3,
1.4420000E-3,79.999998212E-3,
1.4430000E-3,79.999998212E-3,
1.4440001E-3,79.999998212E-3,
1.4450001E-3,159.99999642E-3,
1.4460001E-3,159.99999642E-3,
1.4470001E-3,159.99999642E-3,
1.4480001E-3,159.99999642E-3,
1.4490001E-3,159.99999642E-3,
1.4500000E-3,159.99999642E-3,
1.4510000E-3,159.99999642E-3,
1.4520000E-3,79.999998212E-3,
1.4530000E-3,159.99999642E-3,
1.4540000E-3,159.99999642E-3,
1.4550000E-3,159.99999642E-3,
1.4560000E-3,159.99999642E-3,
1.4570000E-3,159.99999642E-3,
1.4580000E-3,159.99999642E-3,
1.4590001E-3,79.999998212E-3,
1.4600001E-3,79.999998212E-3,
1.4610001E-3,79.999998212E-3,
1.4620001E-3,79.999998212E-3,
1.4630001E-3,159.99999642E-3,
1.4640001E-3,79.999998212E-3,
1.4650000E-3,159.99999642E-3,
1.4660000E-3,159.99999642E-3,
1.4670000E-3,79.999998212E-3,
1.4680000E-3,159.99999642E-3,
1.4690000E-3,159.99999642E-3,
1.4700000E-3,159.99999642E-3,
1.4710000E-3,79.999998212E-3,
1.4720000E-3,79.999998212E-3,
1.4730000E-3,79.999998212E-3,
1.4740000E-3,79.999998212E-3,
1.4750001E-3,159.99999642E-3,
1.4760001E-3,79.999998212E-3,
1.4770001E-3,79.999998212E-3,
1.4780001E-3,159.99999642E-3,
1.4790001E-3,239.99999464E-3,
1.4800001E-3,159.99999642E-3,
1.4810000E-3,159.99999642E-3,
1.4820000E-3,159.99999642E-3,
1.4830000E-3,79.999998212E-3,
1.4840000E-3,159.99999642E-3,
1.4850000E-3,79.999998212E-3,
1.4860000E-3,79.999998212E-3,
1.4870000E-3,159.99999642E-3,
1.4880000E-3,159.99999642E-3,
1.4890000E-3,79.999998212E-3,
1.4900001E-3,159.99999642E-3,
1.4910001E-3,79.999998212E-3,
1.4920001E-3,79.999998212E-3,
1.4930001E-3,79.999998212E-3,
1.4940001E-3,159.99999642E-3,
1.4950001E-3,79.999998212E-3,
1.4960000E-3,79.999998212E-3,
1.4970000E-3,159.99999642E-3,
1.4980000E-3,79.999998212E-3,
1.4990000E-3,79.999998212E-3,
1.5000000E-3,79.999998212E-3,
1.5010000E-3,79.999998212E-3,
1.5020000E-3,79.999998212E-3,
1.5030000E-3,159.99999642E-3,
1.5040000E-3,159.99999642E-3,
1.5050001E-3,159.99999642E-3,
1.5060001E-3,159.99999642E-3,
1.5070001E-3,79.999998212E-3,
1.5080001E-3,79.999998212E-3,
1.5090001E-3,159.99999642E-3,
1.5100001E-3,159.99999642E-3,
1.5110000E-3,159.99999642E-3,
1.5120000E-3,79.999998212E-3,
1.5130000E-3,79.999998212E-3,
1.5140000E-3,159.99999642E-3,
1.5150000E-3,79.999998212E-3,
1.5160000E-3,159.99999642E-3,
1.5170000E-3,159.99999642E-3,
1.5180000E-3,79.999998212E-3,
1.5190000E-3,79.999998212E-3,
1.5200000E-3,79.999998212E-3,
1.5210001E-3,79.999998212E-3,
1.5220001E-3,79.999998212E-3,
1.5230001E-3,159.99999642E-3,
1.5240001E-3,79.999998212E-3,
1.5250001E-3,159.99999642E-3,
1.5260000E-3,79.999998212E-3,
1.5270000E-3,79.999998212E-3,
1.5280000E-3,159.99999642E-3,
1.5290000E-3,159.99999642E-3,
1.5300000E-3,159.99999642E-3,
1.5310000E-3,79.999998212E-3,
1.5320000E-3,79.999998212E-3,
1.5330000E-3,79.999998212E-3,
1.5340000E-3,159.99999642E-3,
1.5350000E-3,79.999998212E-3,
1.5360001E-3,79.999998212E-3,
1.5370001E-3,159.99999642E-3,
1.5380001E-3,79.999998212E-3,
1.5390001E-3,159.99999642E-3,
1.5400001E-3,79.999998212E-3,
1.5410001E-3,79.999998212E-3,
1.5420000E-3,79.999998212E-3,
1.5430000E-3,79.999998212E-3,
1.5440000E-3,159.99999642E-3,
1.5450000E-3,79.999998212E-3,
1.5460000E-3,79.999998212E-3,
1.5470000E-3,159.99999642E-3,
1.5480000E-3,159.99999642E-3,
1.5490000E-3,79.999998212E-3,