1.00000000;0.00459449
2.00000000;0.00490578
3.00000000;0.00440681
4.00000000;0.00441978
5.00000000;0.00465705
6.00000000;0.00455634
7.00000000;0.00491951
8.00000000;0.00436408
9.00000000;0.00452506
10.00000000;0.00463874
11.00000000;0.00478294
12.00000000;0.00462119
13.00000000;0.00477226
14.00000000;0.00484474
15.00000000;0.00465476
16.00000000;0.00482643
17.00000000;0.00510414
18.00000000;0.00506218
19.00000000;0.00489967
20.00000000;0.00498589
21.00000000;0.00460060
22.00000000;0.00497978
23.00000000;0.00468147
24.00000000;0.00474861
25.00000000;0.00512779
26.00000000;0.00513313
27.00000000;0.00522469
28.00000000;0.00545281
29.00000000;0.00522545
30.00000000;0.00539101
31.00000000;0.00511940
32.00000000;0.00534600
33.00000000;0.00509194
34.00000000;0.00543832
35.00000000;0.00540932
36.00000000;0.00531167
37.00000000;0.00552987
38.00000000;0.00514687
39.00000000;0.00551690
40.00000000;0.00588464
41.00000000;0.00503471
42.00000000;0.00566796
43.00000000;0.00564584
44.00000000;0.00543832
45.00000000;0.00573053
46.00000000;0.00547112
47.00000000;0.00589151
48.00000000;0.00572671
49.00000000;0.00537881
50.00000000;0.00580301
51.00000000;0.00569009
52.00000000;0.00608911
53.00000000;0.00608682
54.00000000;0.00573663
55.00000000;0.00618219
56.00000000;0.00593576
57.00000000;0.00618753
58.00000000;0.00610361
59.00000000;0.00611124
60.00000000;0.00636530
61.00000000;0.00619898
62.00000000;0.00601968
63.00000000;0.00623713
64.00000000;0.00647822
65.00000000;0.00667048
66.00000000;0.00613718
67.00000000;0.00646830
68.00000000;0.00620356
69.00000000;0.00635386
70.00000000;0.00663157
71.00000000;0.00687877
72.00000000;0.00674144
73.00000000;0.00688258
74.00000000;0.00709545
75.00000000;0.00685893
76.00000000;0.00728771
77.00000000;0.00684443
78.00000000;0.00723278
79.00000000;0.00699016
80.00000000;0.00735332
81.00000000;0.00702678
82.00000000;0.00698177
83.00000000;0.00729076
84.00000000;0.00742199
85.00000000;0.00742199
86.00000000;0.00752499
87.00000000;0.00750896
88.00000000;0.00739223
89.00000000;0.00762036
90.00000000;0.00779049
91.00000000;0.00775235
92.00000000;0.00784466
93.00000000;0.00753109
94.00000000;0.00791257
95.00000000;0.00831769
96.00000000;0.00801938
97.00000000;0.00791943
98.00000000;0.00785992
99.00000000;0.00831998
100.00000000;0.00821546
101.00000000;0.00769207
102.00000000;0.00813382
103.00000000;0.00773098
104.00000000;0.00778363
105.00000000;0.00794232
106.00000000;0.00837339
107.00000000;0.00820325
108.00000000;0.00810941
109.00000000;0.00849851
110.00000000;0.00817502
111.00000000;0.00834363
112.00000000;0.00801633
113.00000000;0.00818799
114.00000000;0.00874418
115.00000000;0.00834211
116.00000000;0.00868009
117.00000000;0.00826352
118.00000000;0.00831312
119.00000000;0.00838941
120.00000000;0.00822919
121.00000000;0.00851453
122.00000000;0.00851606
123.00000000;0.00847791
124.00000000;0.00828031
125.00000000;0.00847410
126.00000000;0.00815900
127.00000000;0.00847486
128.00000000;0.00850004
129.00000000;0.00827802
130.00000000;0.00863737
131.00000000;0.00797971
132.00000000;0.00825284
133.00000000;0.00839094
134.00000000;0.00826963
135.00000000;0.00818647
136.00000000;0.00824063
137.00000000;0.00818112
138.00000000;0.00800565
139.00000000;0.00804150
140.00000000;0.00797436
141.00000000;0.00771572
142.00000000;0.00783856
143.00000000;0.00784390
144.00000000;0.00794079
145.00000000;0.00751431
146.00000000;0.00765545
147.00000000;0.00722667
148.00000000;0.00729610
149.00000000;0.00728008
150.00000000;0.00668650
151.00000000;0.00738079
152.00000000;0.00719463
153.00000000;0.00699702
154.00000000;0.00682612
155.00000000;0.00705959
156.00000000;0.00666667
157.00000000;0.00673610
158.00000000;0.00684367
159.00000000;0.00641489
160.00000000;0.00679484
161.00000000;0.00631189
162.00000000;0.00657282
163.00000000;0.00636072
164.00000000;0.00642252
165.00000000;0.00619898
166.00000000;0.00603037
167.00000000;0.00607233
168.00000000;0.00607691
169.00000000;0.00594797
170.00000000;0.00630961
171.00000000;0.00594873
172.00000000;0.00605249
173.00000000;0.00563287
174.00000000;0.00590295
175.00000000;0.00566339
176.00000000;0.00576867
177.00000000;0.00592126
178.00000000;0.00536431
179.00000000;0.00578393
180.00000000;0.00533150
181.00000000;0.00544137
182.00000000;0.00558709
183.00000000;0.00546044
184.00000000;0.00545815
185.00000000;0.00522011
186.00000000;0.00523003
187.00000000;0.00531853
188.00000000;0.00562905
189.00000000;0.00531395
190.00000000;0.00508278
191.00000000;0.00475090
192.00000000;0.00510643
193.00000000;0.00547417
194.00000000;0.00498360
195.00000000;0.00501106
196.00000000;0.00438315
197.00000000;0.00494850
198.00000000;0.00501488
199.00000000;0.00493324
200.00000000;0.00537575
201.00000000;0.00460288
202.00000000;0.00502937
203.00000000;0.00497673
204.00000000;0.00447547
205.00000000;0.00489052
206.00000000;0.00477913
207.00000000;0.00462119
208.00000000;0.00438544
209.00000000;0.00444877
210.00000000;0.00443275
211.00000000;0.00456245
212.00000000;0.00489052
213.00000000;0.00494163
214.00000000;0.00460365
215.00000000;0.00462806
216.00000000;0.00452354
217.00000000;0.00458457
218.00000000;0.00460670
219.00000000;0.00473030
220.00000000;0.00463111
221.00000000;0.00471962
222.00000000;0.00471885
223.00000000;0.00496071
224.00000000;0.00441672
225.00000000;0.00483558
226.00000000;0.00486992
227.00000000;0.00476005
228.00000000;0.00476081
229.00000000;0.00495842
230.00000000;0.00472648
231.00000000;0.00538109
232.00000000;0.00511788
233.00000000;0.00514076
234.00000000;0.00519646
235.00000000;0.00516823
236.00000000;0.00521401
237.00000000;0.00508583
238.00000000;0.00518578
239.00000000;0.00528573
240.00000000;0.00545968
241.00000000;0.00522164
242.00000000;0.00531014
243.00000000;0.00559243
244.00000000;0.00581979
245.00000000;0.00545586
246.00000000;0.00583429
247.00000000;0.00600443
248.00000000;0.00596323
249.00000000;0.00601740
250.00000000;0.00603265
251.00000000;0.00651865
252.00000000;0.00680781
253.00000000;0.00646525
254.00000000;0.00638895
255.00000000;0.00661707
256.00000000;0.00668879
257.00000000;0.00695964
258.00000000;0.00686275
259.00000000;0.00723278
260.00000000;0.00759136
261.00000000;0.00749142
262.00000000;0.00718166
263.00000000;0.00745480
264.00000000;0.00795148
265.00000000;0.00745937
266.00000000;0.00791333
267.00000000;0.00745632
268.00000000;0.00763943
269.00000000;0.00754559
270.00000000;0.00828260
271.00000000;0.00835584
272.00000000;0.00912184
273.00000000;0.00883268
274.00000000;0.00875486
275.00000000;0.00939193
276.00000000;0.00865263
277.00000000;0.00947814
278.00000000;0.01011978
279.00000000;0.01008850
280.00000000;0.00930343
281.00000000;0.00904479
282.00000000;0.00990005
283.00000000;0.00998093
284.00000000;0.01036316
285.00000000;0.01037308
286.00000000;0.01011368
287.00000000;0.01034028
288.00000000;0.01061189
289.00000000;0.01128786
290.00000000;0.01177386
291.00000000;0.01144198
292.00000000;0.01140764
293.00000000;0.01189364
294.00000000;0.01258564
295.00000000;0.01149310
296.00000000;0.01296941
297.00000000;0.01257038
298.00000000;0.01276875
299.00000000;0.01241321
300.00000000;0.01291218
301.00000000;0.01335088
302.00000000;0.01284428
303.00000000;0.01368582
304.00000000;0.01281147
305.00000000;0.01397269
306.00000000;0.01396735
307.00000000;0.01314565
308.00000000;0.01449454
309.00000000;0.01397421
310.00000000;0.01395743
311.00000000;0.01350423
312.00000000;0.01334478
313.00000000;0.01375143
314.00000000;0.01282826
315.00000000;0.01358053
316.00000000;0.01340581
317.00000000;0.01349203
318.00000000;0.01416648
319.00000000;0.01449607
320.00000000;0.01520714
321.00000000;0.01385672
322.00000000;0.01421378
323.00000000;0.01392081
324.00000000;0.01501793
325.00000000;0.01419928
326.00000000;0.01380484
327.00000000;0.01422980
328.00000000;0.01398032
329.00000000;0.01417029
330.00000000;0.01397803
331.00000000;0.01430076
332.00000000;0.01451133
333.00000000;0.01415351
334.00000000;0.01438621
335.00000000;0.01353704
336.00000000;0.01451209
337.00000000;0.01364767
338.00000000;0.01407187
339.00000000;0.01359274
340.00000000;0.01341344
341.00000000;0.01380026
342.00000000;0.01326925
343.00000000;0.01389639
344.00000000;0.01287480
345.00000000;0.01339590
346.00000000;0.01298009
347.00000000;0.01283436
348.00000000;0.01297627
349.00000000;0.01260472
350.00000000;0.01312581
351.00000000;0.01243534
352.00000000;0.01244984
353.00000000;0.01282139
354.00000000;0.01215457
355.00000000;0.01228962
356.00000000;0.01174182
357.00000000;0.01226902
358.00000000;0.01180743
359.00000000;0.01195926
360.00000000;0.01220874
361.00000000;0.01156100
362.00000000;0.01191196
363.00000000;0.01137331
364.00000000;0.01114366
365.00000000;0.01106661
366.00000000;0.01056229
367.00000000;0.01107347
368.00000000;0.01078355
369.00000000;0.01084611
370.00000000;0.01053330
371.00000000;0.01058671
372.00000000;0.01007477
373.00000000;0.01034104
374.00000000;0.01036622
375.00000000;0.01015564
376.00000000;0.01018540
377.00000000;0.00929046
378.00000000;0.00967956
379.00000000;0.00956130
380.00000000;0.00942092
381.00000000;0.00896162
382.00000000;0.00901350
383.00000000;0.00937362
384.00000000;0.00862669
385.00000000;0.00855344
386.00000000;0.00839017
387.00000000;0.00826276
388.00000000;0.00805524
389.00000000;0.00776837
390.00000000;0.00797971
391.00000000;0.00756313
392.00000000;0.00791943
393.00000000;0.00739986
394.00000000;0.00680476
395.00000000;0.00733883
396.00000000;0.00693294
397.00000000;0.00704814
398.00000000;0.00651255
399.00000000;0.00680552
400.00000000;0.00651408
401.00000000;0.00667811
402.00000000;0.00647059
403.00000000;0.00609598
404.00000000;0.00591974
405.00000000;0.00579767
406.00000000;0.00572213
407.00000000;0.00575723
408.00000000;0.00561379
409.00000000;0.00519341
410.00000000;0.00545205
411.00000000;0.00518196
412.00000000;0.00526131
413.00000000;0.00514229
414.00000000;0.00526741
415.00000000;0.00474632
416.00000000;0.00546960
417.00000000;0.00505913
418.00000000;0.00479591
419.00000000;0.00490578
420.00000000;0.00486381
421.00000000;0.00481956
422.00000000;0.00488289
423.00000000;0.00502480
424.00000000;0.00502785
425.00000000;0.00457389
426.00000000;0.00466621
427.00000000;0.00474250
428.00000000;0.00494240
429.00000000;0.00484550
430.00000000;0.00490272
431.00000000;0.00480812
432.00000000;0.00489433
433.00000000;0.00490120
434.00000000;0.00460822
435.00000000;0.00515373
436.00000000;0.00503395
437.00000000;0.00506447
438.00000000;0.00554513
439.00000000;0.00527276
440.00000000;0.00564508
441.00000000;0.00550851
442.00000000;0.00584268
443.00000000;0.00650340
444.00000000;0.00595865
445.00000000;0.00607080
446.00000000;0.00660563
447.00000000;0.00683909
448.00000000;0.00718090
449.00000000;0.00728008
450.00000000;0.00720989
451.00000000;0.00764096
452.00000000;0.00802319
453.00000000;0.00763790
454.00000000;0.00814069
455.00000000;0.00883879
456.00000000;0.00942550
457.00000000;0.01001450
458.00000000;0.00968872
459.00000000;0.00993820
460.00000000;0.01075380
461.00000000;0.01099794
462.00000000;0.01142214
463.00000000;0.01188525
464.00000000;0.01217441
465.00000000;0.01319448
466.00000000;0.01372320
467.00000000;0.01449149
468.00000000;0.01386511
469.00000000;0.01533227
470.00000000;0.01593576
471.00000000;0.01627985
472.00000000;0.01681010
473.00000000;0.01770733
474.00000000;0.01816815
475.00000000;0.01861753
476.00000000;0.01917372
477.00000000;0.01967193
478.00000000;0.02105669
479.00000000;0.02397421
480.00000000;0.02217288
481.00000000;0.01911498
482.00000000;0.02322347
483.00000000;0.01836576
484.00000000;0.02496223
485.00000000;0.02596246
486.00000000;0.02625544
487.00000000;0.02688792
488.00000000;0.02852216
489.00000000;0.02769512
490.00000000;0.02871977
491.00000000;0.02846799
492.00000000;0.02974441
493.00000000;0.03055009
494.00000000;0.03031891
495.00000000;0.03267185
496.00000000;0.03147097
497.00000000;0.03364996
498.00000000;0.03286641
499.00000000;0.03392615
500.00000000;0.03465095
501.00000000;0.03393683
502.00000000;0.03569467
503.00000000;0.03489433
504.00000000;0.03615625
505.00000000;0.03613565
506.00000000;0.03758145
507.00000000;0.03788891
508.00000000;0.03694209
509.00000000;0.03940795
510.00000000;0.03777295
511.00000000;0.03983597
512.00000000;0.03888228
513.00000000;0.03929656
514.00000000;0.04051499
515.00000000;0.03948959
516.00000000;0.04195926
517.00000000;0.04018235
518.00000000;0.04178073
519.00000000;0.04097047
520.00000000;0.04272526
521.00000000;0.04271077
522.00000000;0.04270848
523.00000000;0.04384070
524.00000000;0.04257649
525.00000000;0.04284199
526.00000000;0.04267948
527.00000000;0.04319524
528.00000000;0.04342565
529.00000000;0.04463645
530.00000000;0.04473793
531.00000000;0.04486305
532.00000000;0.04458839
533.00000000;0.04538262
534.00000000;0.04312276
535.00000000;0.04495460
536.00000000;0.04582208
537.00000000;0.04198978
538.00000000;0.04352407
539.00000000;0.05181201
540.00000000;0.04517052
541.00000000;0.03826810
542.00000000;0.03317769
543.00000000;0.03408637
544.00000000;0.03881056
545.00000000;0.03736248
546.00000000;0.03898833
547.00000000;0.03464637
548.00000000;0.03357137
549.00000000;0.03588464
550.00000000;0.04434653
551.00000000;0.05198520
552.00000000;0.04661097
553.00000000;0.04095674
554.00000000;0.04188602
555.00000000;0.04618906
556.00000000;0.04169375
557.00000000;0.04339361
558.00000000;0.04220645
559.00000000;0.04274357
560.00000000;0.04206073
561.00000000;0.04152285
562.00000000;0.04261845
563.00000000;0.03900359
564.00000000;0.04111391
565.00000000;0.04014649
566.00000000;0.03757000
567.00000000;0.03845350
568.00000000;0.03614099
569.00000000;0.03721599
570.00000000;0.03631571
571.00000000;0.03463111
572.00000000;0.03568322
573.00000000;0.03308995
574.00000000;0.03375830
575.00000000;0.03207446
576.00000000;0.03251774
577.00000000;0.03139544
578.00000000;0.03019837
579.00000000;0.02968185
580.00000000;0.02813764
581.00000000;0.02903868
582.00000000;0.02830777
583.00000000;0.02699626
584.00000000;0.02598917
585.00000000;0.02753033
586.00000000;0.02632410
587.00000000;0.02305562
588.00000000;0.02266194
589.00000000;0.02130617
590.00000000;0.02333715
591.00000000;0.02180056
592.00000000;0.02139849
593.00000000;0.02069581
594.00000000;0.01877089
595.00000000;0.01867094
596.00000000;0.01734035
597.00000000;0.01894942
598.00000000;0.01865492
599.00000000;0.01662318
600.00000000;0.01551385
601.00000000;0.01615015
602.00000000;0.01552682
603.00000000;0.01409171
604.00000000;0.01502251
605.00000000;0.01347219
606.00000000;0.01329290
607.00000000;0.01320592
608.00000000;0.01172503
609.00000000;0.01223545
610.00000000;0.01086290
611.00000000;0.01070039
612.00000000;0.01026398
613.00000000;0.01004807
614.00000000;0.01024109
615.00000000;0.00887617
616.00000000;0.00922255
617.00000000;0.00825132
618.00000000;0.00810178
619.00000000;0.00751049
620.00000000;0.00769894
621.00000000;0.00749142
622.00000000;0.00642023
623.00000000;0.00660487
624.00000000;0.00613260
625.00000000;0.00627222
626.00000000;0.00571679
627.00000000;0.00552911
628.00000000;0.00525063
629.00000000;0.00521859
630.00000000;0.00486610
631.00000000;0.00486076
632.00000000;0.00477531
633.00000000;0.00486534
634.00000000;0.00508354
635.00000000;0.00514153
636.00000000;0.00553521
637.00000000;0.00565881
638.00000000;0.00617304
639.00000000;0.00595026
640.00000000;0.00678569
641.00000000;0.00695964
642.00000000;0.00739071
643.00000000;0.00820020
644.00000000;0.00909514
645.00000000;0.00973526
646.00000000;0.01049439
647.00000000;0.01111238
648.00000000;0.01226444
649.00000000;0.01386664
650.00000000;0.01409476
651.00000000;0.01603723
652.00000000;0.01760891
653.00000000;0.01864042
654.00000000;0.02025940
655.00000000;0.02211185
656.00000000;0.02396811
657.00000000;0.02516518
658.00000000;0.02742580
659.00000000;0.02890440
660.00000000;0.03244984
661.00000000;0.03369650
662.00000000;0.03598383
663.00000000;0.03841077
664.00000000;0.04061341
665.00000000;0.04365606
666.00000000;0.04396582
667.00000000;0.04771954
668.00000000;0.04962539
669.00000000;0.05468910
670.00000000;0.05682460
671.00000000;0.05990082
672.00000000;0.06309529
673.00000000;0.06561074
674.00000000;0.06774243
675.00000000;0.06893416
676.00000000;0.07473335
677.00000000;0.07749447
678.00000000;0.08171054
679.00000000;0.08609064
680.00000000;0.08721218
681.00000000;0.09573663
682.00000000;0.09293584
683.00000000;0.10173190
684.00000000;0.10790646
685.00000000;0.11034638
686.00000000;0.11994583
687.00000000;0.11513542
688.00000000;0.12654154
689.00000000;0.12794156
690.00000000;0.13501030
691.00000000;0.14192111
692.00000000;0.14760739
693.00000000;0.15935683
694.00000000;0.14841001
695.00000000;0.16070115
696.00000000;0.16543221
697.00000000;0.17507591
698.00000000;0.18717632
699.00000000;0.18252079
700.00000000;0.19686580
701.00000000;0.19664988
702.00000000;0.20848936
703.00000000;0.20184939
704.00000000;0.21420844
705.00000000;0.22299001
706.00000000;0.22381628
707.00000000;0.23679408
708.00000000;0.22601053
709.00000000;0.25430610
710.00000000;0.24644694
711.00000000;0.26225834
712.00000000;0.26469902
713.00000000;0.26601282
714.00000000;0.28311131
715.00000000;0.27716335
716.00000000;0.30000000
717.00000000;0.29164111
718.00000000;0.31245441
719.00000000;0.31794614
720.00000000;0.32187381
721.00000000;0.34034638
722.00000000;0.32505303
723.00000000;0.35631266
724.00000000;0.34445182
725.00000000;0.37458000
726.00000000;0.37817884
727.00000000;0.35851759
728.00000000;0.37576867
729.00000000;0.37469139
730.00000000;0.40235981
731.00000000;0.40289006
732.00000000;0.40875868
733.00000000;0.41385977
734.00000000;0.41757000
735.00000000;0.43925536
736.00000000;0.42803540
737.00000000;0.46084764
738.00000000;0.43618372
739.00000000;0.45707790
740.00000000;0.44481880
741.00000000;0.43540169
742.00000000;0.47121157
743.00000000;0.45119326
744.00000000;0.48230030
745.00000000;0.45256962
746.00000000;0.47694209
747.00000000;0.45992370
748.00000000;0.46695201
749.00000000;0.49775769
750.00000000;0.47314946
751.00000000;0.52715572
752.00000000;0.48630274
753.00000000;0.51271153
754.00000000;0.51507897
755.00000000;0.50170748
756.00000000;0.53017319
757.00000000;0.51434424
758.00000000;0.55167926
759.00000000;0.52073854
760.00000000;0.55494697
761.00000000;0.55204623
762.00000000;0.54970779
763.00000000;0.57110094
764.00000000;0.53881971
765.00000000;0.58787747
766.00000000;0.55384146
767.00000000;0.58923857
768.00000000;0.58172732
769.00000000;0.58633402
770.00000000;0.60776608
771.00000000;0.57696193
772.00000000;0.61698711
773.00000000;0.59381476
774.00000000;0.61972992
775.00000000;0.61971313
776.00000000;0.61485008
777.00000000;0.64724346
778.00000000;0.62015183
779.00000000;0.67055772
780.00000000;0.64169909
781.00000000;0.67399863
782.00000000;0.66958343
783.00000000;0.66972152
784.00000000;0.69607080
785.00000000;0.66794156
786.00000000;0.71774243
787.00000000;0.70529030
788.00000000;0.74972992
789.00000000;0.75046693
790.00000000;0.74874418
791.00000000;0.78323873
792.00000000;0.75545434
793.00000000;0.80907149
794.00000000;0.77572824
795.00000000;0.81264134
796.00000000;0.81626764
797.00000000;0.81744182
798.00000000;0.85267033
799.00000000;0.82052186
800.00000000;0.88117952
801.00000000;0.84992065
802.00000000;0.89380865
803.00000000;0.88789578
804.00000000;0.89975509
805.00000000;0.92622568
806.00000000;0.89435569
807.00000000;0.93521630
808.00000000;0.90804532
809.00000000;0.92919966
810.00000000;0.92216068
811.00000000;0.92553140
812.00000000;0.95868544
813.00000000;0.92717250
814.00000000;0.96972610
815.00000000;0.94762341
816.00000000;0.96042573
817.00000000;0.96078737
818.00000000;0.94985122
819.00000000;0.97181048
820.00000000;0.95018997
821.00000000;0.98371710
822.00000000;0.95930724
823.00000000;0.97763714
824.00000000;0.97718853
825.00000000;0.97606928
826.00000000;1.00000000
827.00000000;0.96129625
828.00000000;1.00000000
829.00000000;0.97420462
830.00000000;0.96813306
831.00000000;0.96865644
832.00000000;0.97647211
833.00000000;0.99902037
834.00000000;0.95493172
835.00000000;0.97722438
836.00000000;0.95836347
837.00000000;0.97653010
838.00000000;0.97296178
839.00000000;0.96578088
840.00000000;0.97552071
841.00000000;0.94476539
842.00000000;0.97534142
843.00000000;0.93434958
844.00000000;0.95911650
845.00000000;0.94616083
846.00000000;0.94167926
847.00000000;0.94974136
848.00000000;0.90948577
849.00000000;0.93202029
850.00000000;0.90092927
851.00000000;0.92050278
852.00000000;0.89928359
853.00000000;0.88459983
854.00000000;0.90811704
855.00000000;0.85779660
856.00000000;0.88806744
857.00000000;0.83170214
858.00000000;0.85749828
859.00000000;0.85775006
860.00000000;0.84888533
861.00000000;0.85799496
862.00000000;0.81924620
863.00000000;0.84803311
864.00000000;0.80339208
865.00000000;0.83725795
866.00000000;0.81190433
867.00000000;0.80368429
868.00000000;0.83194171
869.00000000;0.78934310
870.00000000;0.83275502
871.00000000;0.79143816
872.00000000;0.81745251
873.00000000;0.80234226
874.00000000;0.79448386
875.00000000;0.81987945
876.00000000;0.78393301
877.00000000;0.82252842
878.00000000;0.78822156
879.00000000;0.80351949
880.00000000;0.79027314
881.00000000;0.78295949
882.00000000;0.81689479
883.00000000;0.78156634
884.00000000;0.81719692
885.00000000;0.77668727
886.00000000;0.80090944
887.00000000;0.80039368
888.00000000;0.78600137
889.00000000;0.80587320
890.00000000;0.77928206
891.00000000;0.81685817
892.00000000;0.77081102
893.00000000;0.79046540
894.00000000;0.77689784
895.00000000;0.77934005
896.00000000;0.80479210
897.00000000;0.77158541
898.00000000;0.80277028
899.00000000;0.77614099
900.00000000;0.79098650
901.00000000;0.77119554
902.00000000;0.76253300
903.00000000;0.78517891
904.00000000;0.74926604
905.00000000;0.77876249
906.00000000;0.74949340
907.00000000;0.76745403
908.00000000;0.73805829
909.00000000;0.74248035
910.00000000;0.75614328
911.00000000;0.71708400
912.00000000;0.73876402
913.00000000;0.69282521
914.00000000;0.71784695
915.00000000;0.69987716
916.00000000;0.68389639
917.00000000;0.70062181
918.00000000;0.66746777
919.00000000;0.69201953
920.00000000;0.64657816
921.00000000;0.65744335
922.00000000;0.63467079
923.00000000;0.62123827
924.00000000;0.63601205
925.00000000;0.57994965
926.00000000;0.60486000
927.00000000;0.56050202
928.00000000;0.57419852
929.00000000;0.56448768
930.00000000;0.53401389
931.00000000;0.54834211
932.00000000;0.50072633
933.00000000;0.52945830
934.00000000;0.49156710
935.00000000;0.50865797
936.00000000;0.48700389
937.00000000;0.47062867
938.00000000;0.47726177
939.00000000;0.43564889
940.00000000;0.45500038
941.00000000;0.42608911
942.00000000;0.43388724
943.00000000;0.42349660
944.00000000;0.39795071
945.00000000;0.41363394
946.00000000;0.38102998
947.00000000;0.39675135
948.00000000;0.37056001
949.00000000;0.37187457
950.00000000;0.36020294
951.00000000;0.32662165
952.00000000;0.32979171
953.00000000;0.30045624
954.00000000;0.35890440
955.00000000;0.31734112
956.00000000;0.32915618
957.00000000;0.31348516
958.00000000;0.29196841
959.00000000;0.29209812
960.00000000;0.27800259
961.00000000;0.28887541
962.00000000;0.26997253
963.00000000;0.27511254
964.00000000;0.26329747
965.00000000;0.25102770
966.00000000;0.25479667
967.00000000;0.23839857
968.00000000;0.24574655
969.00000000;0.22659342
970.00000000;0.22888228
971.00000000;0.22250019
972.00000000;0.21296559
973.00000000;0.22139162
974.00000000;0.20516670
975.00000000;0.20970626
976.00000000;0.19752422
977.00000000;0.19602426
978.00000000;0.18679637
979.00000000;0.18705730
980.00000000;0.19012436
981.00000000;0.16507515
982.00000000;0.16898451
983.00000000;0.16493477
984.00000000;0.16116426
985.00000000;0.15791867
986.00000000;0.15234226
987.00000000;0.14972381
988.00000000;0.13505913
989.00000000;0.13990539
990.00000000;0.12639429
991.00000000;0.13177768
992.00000000;0.12019532
993.00000000;0.11217517
994.00000000;0.11867170
995.00000000;0.10647440
996.00000000;0.10596933
997.00000000;0.09108186
998.00000000;0.09083772
999.00000000;0.08850309
1000.00000000;0.08300450
1001.00000000;0.08168688
1002.00000000;0.07330129
1003.00000000;0.07418173
1004.00000000;0.06857710
1005.00000000;0.07058061
1006.00000000;0.07015183
1007.00000000;0.06364538
1008.00000000;0.06014954
1009.00000000;0.05335927
1010.00000000;0.05932784
1011.00000000;0.05074235
1012.00000000;0.05028992
1013.00000000;0.04853971
1014.00000000;0.04371710
1015.00000000;0.04431373
1016.00000000;0.03994736
1017.00000000;0.03913176
1018.00000000;0.03579156
1019.00000000;0.03363394
1020.00000000;0.03115740
1021.00000000;0.02964141
1022.00000000;0.02913710
1023.00000000;0.02519646
1024.00000000;0.02527504
1025.00000000;0.02321813
1026.00000000;0.02201038
1027.00000000;0.02045396
1028.00000000;0.01872740
1029.00000000;0.01876936
1030.00000000;0.01649882
1031.00000000;0.01670481
1032.00000000;0.01473793
1033.00000000;0.01423590
1034.00000000;0.01323873
1035.00000000;0.01215763
1036.00000000;0.01174868
1037.00000000;0.01005570
1038.00000000;0.01026932
1039.00000000;0.00910353
1040.00000000;0.00912871
1041.00000000;0.00817502
1042.00000000;0.00785153
1043.00000000;0.00746395
1044.00000000;0.00653696
1045.00000000;0.00639506
1046.00000000;0.00605554
1047.00000000;0.00593347
1048.00000000;0.00572747
1049.00000000;0.00548486
1050.00000000;0.00562982
1051.00000000;0.00542611
1052.00000000;0.00531472
1053.00000000;0.00554742
1054.00000000;0.00566110
1055.00000000;0.00586328
1056.00000000;0.00597467
1057.00000000;0.00641032
1058.00000000;0.00636835
1059.00000000;0.00712062
1060.00000000;0.00791562
1061.00000000;0.00804227
1062.00000000;0.00808957
1063.00000000;0.00900664
1064.00000000;0.00902266
1065.00000000;0.01036164
1066.00000000;0.01086900
1067.00000000;0.01175937
1068.00000000;0.01201572
1069.00000000;0.01297780
1070.00000000;0.01421683
1071.00000000;0.01521172
1072.00000000;0.01585183
1073.00000000;0.01683223
1074.00000000;0.01786603
1075.00000000;0.01890745
1076.00000000;0.01994354
1077.00000000;0.02075761
1078.00000000;0.02200732
1079.00000000;0.02312276
1080.00000000;0.02503548
1081.00000000;0.02587472
1082.00000000;0.02668269
1083.00000000;0.02736324
1084.00000000;0.02815671
1085.00000000;0.02946746
1086.00000000;0.02879911
1087.00000000;0.03126345
1088.00000000;0.03158160
1089.00000000;0.03247883
1090.00000000;0.03457008
1091.00000000;0.03430991
1092.00000000;0.03604791
1093.00000000;0.03689021
1094.00000000;0.03831083
1095.00000000;0.03849546
1096.00000000;0.03942397
1097.00000000;0.03998398
1098.00000000;0.04080415
1099.00000000;0.04205539
1100.00000000;0.04235065
1101.00000000;0.04420539
1102.00000000;0.04374151
1103.00000000;0.04435492
1104.00000000;0.04526894
1105.00000000;0.04560388
1106.00000000;0.04626917
1107.00000000;0.04609064
1108.00000000;0.04866941
1109.00000000;0.04719844
1110.00000000;0.04873350
1111.00000000;0.04886244
1112.00000000;0.04887007
1113.00000000;0.05077516
1114.00000000;0.04916686
1115.00000000;0.05109407
1116.00000000;0.05056535
1117.00000000;0.05110246
1118.00000000;0.05097963
1119.00000000;0.04994965
1120.00000000;0.05131609
1121.00000000;0.05081788
1122.00000000;0.05285649
1123.00000000;0.05154421
1124.00000000;0.05213703
1125.00000000;0.05356603
1126.00000000;0.05105592
1127.00000000;0.05249790
1128.00000000;0.05281300
1129.00000000;0.05439612
1130.00000000;0.05316014
1131.00000000;0.05464408
1132.00000000;0.05496605
1133.00000000;0.05538949
1134.00000000;0.05550622
1135.00000000;0.05465324
1136.00000000;0.05594873
1137.00000000;0.05417639
1138.00000000;0.05472953
1139.00000000;0.05497063
1140.00000000;0.05431220
1141.00000000;0.05596399
1142.00000000;0.05351720
1143.00000000;0.05594415
1144.00000000;0.05490578
1145.00000000;0.05632105
1146.00000000;0.05523003
1147.00000000;0.05409476
1148.00000000;0.05505913
1149.00000000;0.05314794
1150.00000000;0.05490349
1151.00000000;0.05313344
1152.00000000;0.05431830
1153.00000000;0.05464103
1154.00000000;0.05282902
1155.00000000;0.05273060
1156.00000000;0.05158083
1157.00000000;0.05184634
1158.00000000;0.05048219
1159.00000000;0.05143816
1160.00000000;0.04956741
1161.00000000;0.04896239
1162.00000000;0.05085756
1163.00000000;0.04850996
1164.00000000;0.04948272
1165.00000000;0.04797131
1166.00000000;0.04953841
1167.00000000;0.04878386
1168.00000000;0.04782788
1169.00000000;0.04977646
1170.00000000;0.04635309
1171.00000000;0.04638743
1172.00000000;0.04541009
1173.00000000;0.04444266
1174.00000000;0.04404974
1175.00000000;0.04311131
1176.00000000;0.04501717
1177.00000000;0.04164034
1178.00000000;0.04133669
1179.00000000;0.04019684
1180.00000000;0.03986572
1181.00000000;0.04008316
1182.00000000;0.03898375
1183.00000000;0.03833600
1184.00000000;0.03643168
1185.00000000;0.03679255
1186.00000000;0.03603265
1187.00000000;0.03457008
1188.00000000;0.03497749
1189.00000000;0.03469139
1190.00000000;0.03342718
1191.00000000;0.03222248
1192.00000000;0.03205310
1193.00000000;0.03090333
1194.00000000;0.03051728
1195.00000000;0.02942016
1196.00000000;0.02891356
1197.00000000;0.02892729
1198.00000000;0.02743343
1199.00000000;0.02738537
1200.00000000;0.02682460
1201.00000000;0.02691310
1202.00000000;0.02595560
1203.00000000;0.02532998
1204.00000000;0.02523995
1205.00000000;0.02495842
1206.00000000;0.02485771
1207.00000000;0.02266270
1208.00000000;0.02309682
1209.00000000;0.02164721
1210.00000000;0.02177081
1211.00000000;0.02157626
1212.00000000;0.02040665
1213.00000000;0.02007706
1214.00000000;0.01954452
1215.00000000;0.01877623
1216.00000000;0.01849622
1217.00000000;0.01788968
1218.00000000;0.01807660
1219.00000000;0.01745098
1220.00000000;0.01701839
1221.00000000;0.01586633
1222.00000000;0.01606012
1223.00000000;0.01543603
1224.00000000;0.01466011
1225.00000000;0.01457237
1226.00000000;0.01334478
1227.00000000;0.01347601
1228.00000000;0.01288701
1229.00000000;0.01264134
1230.00000000;0.01230640
1231.00000000;0.01173419
1232.00000000;0.01100633
1233.00000000;0.01045853
1234.00000000;0.01060121
1235.00000000;0.00974594
1236.00000000;0.00925231
1237.00000000;0.00925460
1238.00000000;0.00844511
1239.00000000;0.00869841
1240.00000000;0.00773251
1241.00000000;0.00784848
1242.00000000;0.00727092
1243.00000000;0.00719310
1244.00000000;0.00696193
1245.00000000;0.00673457
1246.00000000;0.00647059
1247.00000000;0.00623102
1248.00000000;0.00617685
1249.00000000;0.00589075
1250.00000000;0.00578470
1251.00000000;0.00536736
1252.00000000;0.00542535
1253.00000000;0.00504768
1254.00000000;0.00506752
1255.00000000;0.00485237
1256.00000000;0.00490730
1257.00000000;0.00501106
1258.00000000;0.00456397
1259.00000000;0.00457389
1260.00000000;0.00478981
1261.00000000;0.00493477
1262.00000000;0.00465858
1263.00000000;0.00476921
1264.00000000;0.00481956
1265.00000000;0.00506218
1266.00000000;0.00522087
1267.00000000;0.00524224
1268.00000000;0.00515831
1269.00000000;0.00550622
1270.00000000;0.00558785
1271.00000000;0.00586023
1272.00000000;0.00608759
1273.00000000;0.00607996
1274.00000000;0.00630961
1275.00000000;0.00666590
1276.00000000;0.00661021
1277.00000000;0.00692149
1278.00000000;0.00700160
1279.00000000;0.00723049
1280.00000000;0.00752041
1281.00000000;0.00786297
1282.00000000;0.00791714
1283.00000000;0.00858091
1284.00000000;0.00858854
1285.00000000;0.00827268
1286.00000000;0.00875410
1287.00000000;0.00858625
1288.00000000;0.00953307
1289.00000000;0.00969940
1290.00000000;0.00984817
1291.00000000;0.00974975
1292.00000000;0.01020829
1293.00000000;0.01039902
1294.00000000;0.01092012
1295.00000000;0.01120699
1296.00000000;0.01125887
1297.00000000;0.01157321
1298.00000000;0.01195773
1299.00000000;0.01272068
1300.00000000;0.01236210
1301.00000000;0.01260395
1302.00000000;0.01308385
1303.00000000;0.01310979
1304.00000000;0.01352178
1305.00000000;0.01420996
1306.00000000;0.01406271
1307.00000000;0.01410315
1308.00000000;0.01444877
1309.00000000;0.01489891
1310.00000000;0.01529259
1311.00000000;0.01580606
1312.00000000;0.01559396
1313.00000000;0.01615396
1314.00000000;0.01660792
1315.00000000;0.01657893
1316.00000000;0.01701762
1317.00000000;0.01706340
1318.00000000;0.01747082
1319.00000000;0.01751659
1320.00000000;0.01849470
1321.00000000;0.01746090
1322.00000000;0.01848249
1323.00000000;0.01850233
1324.00000000;0.01851759
1325.00000000;0.02002518
1326.00000000;0.01923018
1327.00000000;0.02035477
1328.00000000;0.02033188
1329.00000000;0.01936828
1330.00000000;0.01778363
1331.00000000;0.01792401
1332.00000000;0.01873503
1333.00000000;0.01863890
1334.00000000;0.02013581
1335.00000000;0.02046082
1336.00000000;0.02042420
1337.00000000;0.01955138
1338.00000000;0.02024109
1339.00000000;0.02092393
1340.00000000;0.02216602
1341.00000000;0.02327382
1342.00000000;0.02076600
1343.00000000;0.02114519
1344.00000000;0.02291218
1345.00000000;0.02144961
1346.00000000;0.02154879
1347.00000000;0.02253758
1348.00000000;0.02202106
1349.00000000;0.02207141
1350.00000000;0.02198520
1351.00000000;0.02214237
1352.00000000;0.02159915
1353.00000000;0.02213703
1354.00000000;0.02188525
1355.00000000;0.02145266
1356.00000000;0.02085679
1357.00000000;0.02155489
1358.00000000;0.02046998
1359.00000000;0.02182040
1360.00000000;0.02112459
1361.00000000;0.02133822
1362.00000000;0.02134127
1363.00000000;0.02087053
1364.00000000;0.02098192
1365.00000000;0.02003433
1366.00000000;0.02051270
1367.00000000;0.02059968
1368.00000000;0.02043793
1369.00000000;0.02105440
1370.00000000;0.01978256
1371.00000000;0.02053101
1372.00000000;0.01985580
1373.00000000;0.02026093
1374.00000000;0.02017853
1375.00000000;0.01923247
1376.00000000;0.01955978
1377.00000000;0.01901503
1378.00000000;0.01986954
1379.00000000;0.01926528
1380.00000000;0.01934768
1381.00000000;0.01836957
1382.00000000;0.01866178
1383.00000000;0.01918288
1384.00000000;0.01802167
1385.00000000;0.01873960
1386.00000000;0.01760357
1387.00000000;0.01849241
1388.00000000;0.01749905
1389.00000000;0.01768444
1390.00000000;0.01713436
1391.00000000;0.01714733
1392.00000000;0.01770581
1393.00000000;0.01716030
1394.00000000;0.01721981
1395.00000000;0.01676967
1396.00000000;0.01686275
1397.00000000;0.01659953
1398.00000000;0.01579843
1399.00000000;0.01584497
1400.00000000;0.01539178
1401.00000000;0.01585565
1402.00000000;0.01510491
1403.00000000;0.01517433
1404.00000000;0.01483940
1405.00000000;0.01460060
1406.00000000;0.01506600
1407.00000000;0.01479973
1408.00000000;0.01468452
1409.00000000;0.01440375
1410.00000000;0.01384527
1411.00000000;0.01364309
1412.00000000;0.01335164
1413.00000000;0.01327764
1414.00000000;0.01263828
1415.00000000;0.01263828
1416.00000000;0.01209659
1417.00000000;0.01194858
1418.00000000;0.01152132
1419.00000000;0.01176013
1420.00000000;0.01108263
1421.00000000;0.01011826
1422.00000000;0.01030442
1423.00000000;0.01023499
1424.00000000;0.01041810
1425.00000000;0.00979706
1426.00000000;0.00984588
1427.00000000;0.00975357
1428.00000000;0.00894713
1429.00000000;0.00915465
1430.00000000;0.00840925
1431.00000000;0.00876020
1432.00000000;0.00837873
1433.00000000;0.00802472
1434.00000000;0.00803540
1435.00000000;0.00768902
1436.00000000;0.00766690
1437.00000000;0.00719768
1438.00000000;0.00713588
1439.00000000;0.00690166
1440.00000000;0.00679408
1441.00000000;0.00657206
1442.00000000;0.00672541
1443.00000000;0.00650340
1444.00000000;0.00618753
1445.00000000;0.00615549
1446.00000000;0.00622873
1447.00000000;0.00587701
1448.00000000;0.00579004
1449.00000000;0.00569009
1450.00000000;0.00562295
1451.00000000;0.00530404
1452.00000000;0.00557870
1453.00000000;0.00510948
1454.00000000;0.00535058
1455.00000000;0.00519722
1456.00000000;0.00483558
1457.00000000;0.00465476
1458.00000000;0.00473335
1459.00000000;0.00491188
1460.00000000;0.00489433
1461.00000000;0.00444800
1462.00000000;0.00461509
1463.00000000;0.00490425
1464.00000000;0.00460212
1465.00000000;0.00462425
1466.00000000;0.00481346
1467.00000000;0.00455024
1468.00000000;0.00486381
1469.00000000;0.00456855
1470.00000000;0.00452735
1471.00000000;0.00468376
1472.00000000;0.00453803
1473.00000000;0.00472877
1474.00000000;0.00500343
1475.00000000;0.00483558
1476.00000000;0.00473564
1477.00000000;0.00488136
1478.00000000;0.00470436
1479.00000000;0.00508049
1480.00000000;0.00509575
1481.00000000;0.00538796
1482.00000000;0.00526207
1483.00000000;0.00532921
1484.00000000;0.00528420
1485.00000000;0.00541695
1486.00000000;0.00546426
1487.00000000;0.00558938
1488.00000000;0.00559625
1489.00000000;0.00571832
1490.00000000;0.00552758
1491.00000000;0.00598230
1492.00000000;0.00603342
1493.00000000;0.00602426
1494.00000000;0.00619821
1495.00000000;0.00628367
1496.00000000;0.00654154
1497.00000000;0.00680934
1498.00000000;0.00660792
1499.00000000;0.00667887
1500.00000000;0.00687953
1501.00000000;0.00681010
1502.00000000;0.00719463
1503.00000000;0.00747158
1504.00000000;0.00756466
1505.00000000;0.00780423
1506.00000000;0.00803693
1507.00000000;0.00821698
1508.00000000;0.00818494
1509.00000000;0.00845121
1510.00000000;0.00825055
1511.00000000;0.00850843
1512.00000000;0.00885176
1513.00000000;0.00854658
1514.00000000;0.00896162
1515.00000000;0.00888304
1516.00000000;0.00902953
1517.00000000;0.00927062
1518.00000000;0.00933776
1519.00000000;0.00929351
1520.00000000;0.00955062
1521.00000000;0.00953307
1522.00000000;0.00954223
1523.00000000;0.00988479
1524.00000000;0.01004654
1525.00000000;0.00995117
1526.00000000;0.00995193
1527.00000000;0.00962692
1528.00000000;0.01053483
1529.00000000;0.01050660
1530.00000000;0.01039521
1531.00000000;0.01047532
1532.00000000;0.01023651
1533.00000000;0.01031205
1534.00000000;0.01057908
1535.00000000;0.01096895
1536.00000000;0.01022965
1537.00000000;0.01067216
1538.00000000;0.01100099
1539.00000000;0.01110933
1540.00000000;0.01120623
1541.00000000;0.01101625
1542.00000000;0.01150072
1543.00000000;0.01107424
1544.00000000;0.01167239
1545.00000000;0.01128328
1546.00000000;0.01157092
1547.00000000;0.01170291
1548.00000000;0.01171664
1549.00000000;0.01182116
1550.00000000;0.01150454
1551.00000000;0.01184100
1552.00000000;0.01180362
1553.00000000;0.01191424
1554.00000000;0.01190127
1555.00000000;0.01198978
1556.00000000;0.01215686
1557.00000000;0.01174182
1558.00000000;0.01227054
1559.00000000;0.01127489
1560.00000000;0.01159533
1561.00000000;0.01121538
1562.00000000;0.01199283
1563.00000000;0.01172351
1564.00000000;0.01206378
1565.00000000;0.01221942
1566.00000000;0.01189517
1567.00000000;0.01220264
1568.00000000;0.01196994
1569.00000000;0.01228809
1570.00000000;0.01225528
1571.00000000;0.01175021
1572.00000000;0.01210346
1573.00000000;0.01220493
1574.00000000;0.01218280
1575.00000000;0.01197223
1576.00000000;0.01279316
1577.00000000;0.01207141
1578.00000000;0.01280537
1579.00000000;0.01256733
1580.00000000;0.01146944
1581.00000000;0.01210346
1582.00000000;0.01177615
1583.00000000;0.01237659
1584.00000000;0.01175097
1585.00000000;0.01175250
1586.00000000;0.01139620
1587.00000000;0.01141070
1588.00000000;0.01165103
1589.00000000;0.01123674
1590.00000000;0.01197986
1591.00000000;0.01100938
1592.00000000;0.01158618
1593.00000000;0.01065843
1594.00000000;0.01123293
1595.00000000;0.01125124
1596.00000000;0.01059815
1597.00000000;0.01028763
1598.00000000;0.00976577
1599.00000000;0.01011215
1600.00000000;0.01008774
1601.00000000;0.01086519
1602.00000000;0.01050278
1603.00000000;0.01005417
1604.00000000;0.01032349
1605.00000000;0.01010681
1606.00000000;0.01049210
1607.00000000;0.00948577
1608.00000000;0.01037995
1609.00000000;0.00990997
1610.00000000;0.00998474
1611.00000000;0.00921187
1612.00000000;0.00900893
1613.00000000;0.00922179
1614.00000000;0.00878004
1615.00000000;0.00903639
1616.00000000;0.00852522
1617.00000000;0.00888228
1618.00000000;0.00868391
1619.00000000;0.00827726
1620.00000000;0.00808042
1621.00000000;0.00781872
1622.00000000;0.00815595
1623.00000000;0.00815747
1624.00000000;0.00809491
1625.00000000;0.00714961
1626.00000000;0.00774624
1627.00000000;0.00760815
1628.00000000;0.00720836
1629.00000000;0.00752270
1630.00000000;0.00717937
1631.00000000;0.00750820
1632.00000000;0.00687953
1633.00000000;0.00700542
1634.00000000;0.00680095
1635.00000000;0.00693446
1636.00000000;0.00685435
1637.00000000;0.00670558
1638.00000000;0.00679713
1639.00000000;0.00648203
1640.00000000;0.00675975
1641.00000000;0.00578164
1642.00000000;0.00605631
1643.00000000;0.00615854
1644.00000000;0.00587167
1645.00000000;0.00593042
1646.00000000;0.00537423
1647.00000000;0.00535897
1648.00000000;0.00529641
1649.00000000;0.00568246
1650.00000000;0.00541619
1651.00000000;0.00562295
1652.00000000;0.00501183
1653.00000000;0.00488823
1654.00000000;0.00551385
1655.00000000;0.00547417
1656.00000000;0.00537957
1657.00000000;0.00485161
1658.00000000;0.00478447
1659.00000000;0.00518273
1660.00000000;0.00535515
1661.00000000;0.00526360
1662.00000000;0.00504921
1663.00000000;0.00470512
1664.00000000;0.00472343
1665.00000000;0.00501030
1666.00000000;0.00483482
1667.00000000;0.00471580
1668.00000000;0.00470741
1669.00000000;0.00463188
1670.00000000;0.00438468
1671.00000000;0.00466545
1672.00000000;0.00451057
1673.00000000;0.00459602
1674.00000000;0.00494697
1675.00000000;0.00466850
1676.00000000;0.00461509
1677.00000000;0.00489815
1678.00000000;0.00489281
1679.00000000;0.00453269
1680.00000000;0.00465019
1681.00000000;0.00490806
1682.00000000;0.00461204
1683.00000000;0.00501411
1684.00000000;0.00461585
1685.00000000;0.00498894
1686.00000000;0.00479133
1687.00000000;0.00474098
1688.00000000;0.00495537
1689.00000000;0.00471809
1690.00000000;0.00491493
1691.00000000;0.00499275
1692.00000000;0.00518349
1693.00000000;0.00505226
1694.00000000;0.00505989
1695.00000000;0.00529793
1696.00000000;0.00488975
1697.00000000;0.00510262
1698.00000000;0.00520256
1699.00000000;0.00522850
1700.00000000;0.00513313
1701.00000000;0.00531472
1702.00000000;0.00545892
1703.00000000;0.00554589
1704.00000000;0.00543984
1705.00000000;0.00577783
1706.00000000;0.00578012
1707.00000000;0.00553140
1708.00000000;0.00561303
1709.00000000;0.00603952
1710.00000000;0.00593194
1711.00000000;0.00602045
1712.00000000;0.00641184
1713.00000000;0.00621195
1714.00000000;0.00592279
1715.00000000;0.00620966
1716.00000000;0.00640879
1717.00000000;0.00619287
1718.00000000;0.00658274
1719.00000000;0.00662394
1720.00000000;0.00648585
1721.00000000;0.00660868
1722.00000000;0.00707866
1723.00000000;0.00675135
1724.00000000;0.00685512
1725.00000000;0.00708324
1726.00000000;0.00733654
1727.00000000;0.00697948
1728.00000000;0.00740978
1729.00000000;0.00701228
1730.00000000;0.00708095
1731.00000000;0.00732280
1732.00000000;0.00749599
1733.00000000;0.00772259
1734.00000000;0.00747234
1735.00000000;0.00743420
1736.00000000;0.00802777
1737.00000000;0.00738842
1738.00000000;0.00760433
1739.00000000;0.00783322
1740.00000000;0.00811322
1741.00000000;0.00792401
1742.00000000;0.00791562
1743.00000000;0.00818799
1744.00000000;0.00804990
1745.00000000;0.00836728
1746.00000000;0.00830549
1747.00000000;0.00836347
1748.00000000;0.00809567
1749.00000000;0.00877317
1750.00000000;0.00846723
1751.00000000;0.00872892
1752.00000000;0.00859846
1753.00000000;0.00855802
1754.00000000;0.00889143
1755.00000000;0.00893797
1756.00000000;0.00843671
1757.00000000;0.00854887
1758.00000000;0.00887083
1759.00000000;0.00871290
1760.00000000;0.00904784
1761.00000000;0.00885481
1762.00000000;0.00894713
1763.00000000;0.00902113
1764.00000000;0.00894179
1765.00000000;0.00860227
1766.00000000;0.00914931
1767.00000000;0.00843671
1768.00000000;0.00927138
1769.00000000;0.00903410
1770.00000000;0.00900359
1771.00000000;0.00861982
1772.00000000;0.00890440
1773.00000000;0.00934005
1774.00000000;0.00881361
1775.00000000;0.00881514
1776.00000000;0.00897765
1777.00000000;0.00863737
1778.00000000;0.00937667
1779.00000000;0.00888075
1780.00000000;0.00889601
1781.00000000;0.00903258
1782.00000000;0.00871977
1783.00000000;0.00898222
1784.00000000;0.00890364
1785.00000000;0.00891432
1786.00000000;0.00905928
1787.00000000;0.00880293
1788.00000000;0.00868162
1789.00000000;0.00878691
1790.00000000;0.00859388
1791.00000000;0.00823224
1792.00000000;0.00847715
1793.00000000;0.00866941
1794.00000000;0.00874113
1795.00000000;0.00857633
1796.00000000;0.00874876
1797.00000000;0.00828870
1798.00000000;0.00796139
1799.00000000;0.00861601
1800.00000000;0.00838407
1801.00000000;0.00832914
1802.00000000;0.00824826
1803.00000000;0.00831922
1804.00000000;0.00787213
1805.00000000;0.00818036
1806.00000000;0.00813306
1807.00000000;0.00784466
1808.00000000;0.00777829
1809.00000000;0.00763867
1810.00000000;0.00751659
1811.00000000;0.00772869
1812.00000000;0.00808499
1813.00000000;0.00804913
1814.00000000;0.00749599
1815.00000000;0.00754482
1816.00000000;0.00774166
1817.00000000;0.00721828
1818.00000000;0.00752422
1819.00000000;0.00710079
1820.00000000;0.00725872
1821.00000000;0.00717403
1822.00000000;0.00737545
1823.00000000;0.00721447
1824.00000000;0.00709239
1825.00000000;0.00675517
1826.00000000;0.00682918
1827.00000000;0.00661326
1828.00000000;0.00649805
1829.00000000;0.00684367
1830.00000000;0.00675669
1831.00000000;0.00673228
1832.00000000;0.00651026
1833.00000000;0.00618753
1834.00000000;0.00655604
1835.00000000;0.00641413
1836.00000000;0.00618372
1837.00000000;0.00613413
1838.00000000;0.00634928
1839.00000000;0.00612879
1840.00000000;0.00574884
1841.00000000;0.00549935
1842.00000000;0.00592126
1843.00000000;0.00566796
1844.00000000;0.00575341
1845.00000000;0.00561685
1846.00000000;0.00566262
1847.00000000;0.00558785
1848.00000000;0.00548714
1849.00000000;0.00551232
1850.00000000;0.00548257
1851.00000000;0.00541238
1852.00000000;0.00529564
1853.00000000;0.00506676
1854.00000000;0.00492256
1855.00000000;0.00494011
1856.00000000;0.00500954
1857.00000000;0.00505379
1858.00000000;0.00484169
1859.00000000;0.00485847
1860.00000000;0.00446860
1861.00000000;0.00496147
1862.00000000;0.00466163
1863.00000000;0.00465095
1864.00000000;0.00473487
1865.00000000;0.00495842
1866.00000000;0.00474403
1867.00000000;0.00467765
1868.00000000;0.00456855
1869.00000000;0.00464408
1870.00000000;0.00472648
1871.00000000;0.00485618
1872.00000000;0.00473793
1873.00000000;0.00471885
1874.00000000;0.00433204
1875.00000000;0.00422217
1876.00000000;0.00432212
1877.00000000;0.00430762
1878.00000000;0.00447471
1879.00000000;0.00450217
1880.00000000;0.00411460
1881.00000000;0.00462806
1882.00000000;0.00434958
1883.00000000;0.00425803
1884.00000000;0.00435569
1885.00000000;0.00441215
1886.00000000;0.00474022
1887.00000000;0.00457084
1888.00000000;0.00453040
1889.00000000;0.00461280
1890.00000000;0.00478447
1891.00000000;0.00420768
1892.00000000;0.00453269
1893.00000000;0.00472343
1894.00000000;0.00499275
1895.00000000;0.00468070
1896.00000000;0.00442512
1897.00000000;0.00462272
1898.00000000;0.00440833
1899.00000000;0.00470970
1900.00000000;0.00486610
1901.00000000;0.00456779
1902.00000000;0.00451133
1903.00000000;0.00481270
1904.00000000;0.00484779
1905.00000000;0.00487373
1906.00000000;0.00465629
1907.00000000;0.00478447
1908.00000000;0.00490120
1909.00000000;0.00459373
1910.00000000;0.00497978
1911.00000000;0.00487984
1912.00000000;0.00456397
1913.00000000;0.00527657
1914.00000000;0.00496147
1915.00000000;0.00510872
1916.00000000;0.00506523
1917.00000000;0.00539025
1918.00000000;0.00507362
1919.00000000;0.00519112
1920.00000000;0.00509957
1921.00000000;0.00485466
1922.00000000;0.00513390
1923.00000000;0.00522316
1924.00000000;0.00526665
1925.00000000;0.00505989
1926.00000000;0.00560922
1927.00000000;0.00543526
1928.00000000;0.00562371
1929.00000000;0.00554742
1930.00000000;0.00557031
1931.00000000;0.00578088
1932.00000000;0.00569543
1933.00000000;0.00579080
1934.00000000;0.00589990
1935.00000000;0.00599832
1936.00000000;0.00573129
1937.00000000;0.00576791
1938.00000000;0.00556268
1939.00000000;0.00594720
1940.00000000;0.00588617
1941.00000000;0.00594797
1942.00000000;0.00598840
1943.00000000;0.00584192
1944.00000000;0.00628977
1945.00000000;0.00608606
1946.00000000;0.00633783
1947.00000000;0.00646448
1948.00000000;0.00640803
1949.00000000;0.00595789
1950.00000000;0.00638590
1951.00000000;0.00615167
1952.00000000;0.00642023
1953.00000000;0.00610513
1954.00000000;0.00645228
1955.00000000;0.00649577
1956.00000000;0.00655299
1957.00000000;0.00636301
1958.00000000;0.00652476
1959.00000000;0.00650416
1960.00000000;0.00621576
1961.00000000;0.00662089
1962.00000000;0.00681392
1963.00000000;0.00652781
1964.00000000;0.00676890
1965.00000000;0.00644694
1966.00000000;0.00622492
1967.00000000;0.00674830
1968.00000000;0.00642405
1969.00000000;0.00665751
1970.00000000;0.00676661
1971.00000000;0.00652399
1972.00000000;0.00668803
1973.00000000;0.00636606
1974.00000000;0.00671931
1975.00000000;0.00667430
1976.00000000;0.00641108
1977.00000000;0.00637980
1978.00000000;0.00699702
1979.00000000;0.00648356
1980.00000000;0.00662547
1981.00000000;0.00686885
1982.00000000;0.00662165
1983.00000000;0.00694972
1984.00000000;0.00653925
1985.00000000;0.00684520
1986.00000000;0.00674144
1987.00000000;0.00667277
1988.00000000;0.00674830
1989.00000000;0.00680781
1990.00000000;0.00651026
1991.00000000;0.00671321
1992.00000000;0.00672236
1993.00000000;0.00653773
1994.00000000;0.00668803
1995.00000000;0.00642176
1996.00000000;0.00665217
1997.00000000;0.00637751
1998.00000000;0.00646983
1999.00000000;0.00679637
2000.00000000;0.00645686
2001.00000000;0.00672847
2002.00000000;0.00636454
2003.00000000;0.00666133
2004.00000000;0.00639734
2005.00000000;0.00656825
2006.00000000;0.00606775
2007.00000000;0.00628519
2008.00000000;0.00662165
2009.00000000;0.00675135
2010.00000000;0.00639429
2011.00000000;0.00672541
2012.00000000;0.00607309
2013.00000000;0.00620050
2014.00000000;0.00600595
2015.00000000;0.00618601
2016.00000000;0.00597391
2017.00000000;0.00619593
2018.00000000;0.00633402
2019.00000000;0.00612573
2020.00000000;0.00616007
2021.00000000;0.00602350
2022.00000000;0.00594873
2023.00000000;0.00588159
2024.00000000;0.00605249
2025.00000000;0.00565881
2026.00000000;0.00623941
2027.00000000;0.00572366
2028.00000000;0.00581140
2029.00000000;0.00570459
2030.00000000;0.00587015
2031.00000000;0.00611276
2032.00000000;0.00566720
2033.00000000;0.00596017
2034.00000000;0.00557336
2035.00000000;0.00572900
2036.00000000;0.00581521
2037.00000000;0.00553979
2038.00000000;0.00559625
2039.00000000;0.00543069
2040.00000000;0.00562982
2041.00000000;0.00552529
2042.00000000;0.00532082
2043.00000000;0.00560693
2044.00000000;0.00535439
2045.00000000;0.00552529
2046.00000000;0.00552453
2047.00000000;0.00545968
2048.00000000;0.00580377
